page,url,term,snippet,action_required
home,https://ofsgroupindia.com/,ifm,"...offer end-to-end Integrated Facility Management (IFM) services designed to optimize operations, reduce...",OFS Client Review Required (Do not delete automatically)
company-profile,https://ofsgroupindia.com/company-profile/,catering,...Engineering & EPC Support Services Hospitality & Catering Services IFM Business Logistics & Shipping Procur...,OFS Client Review Required (Do not delete automatically)
company-profile,https://ofsgroupindia.com/company-profile/,catering,...Engineering & EPC Support Services Hospitality & Catering Services IFM Business Logistics & Shipping Procur...,OFS Client Review Required (Do not delete automatically)
company-profile,https://ofsgroupindia.com/company-profile/,catering,"...M, Troubleshooting, Procurement, Engineering, and Catering & Hospitality—to the energy, industrial, marine,...",OFS Client Review Required (Do not delete automatically)
company-profile,https://ofsgroupindia.com/company-profile/,hospitality,...ce Procurement Engineering & EPC Support Services Hospitality & Catering Services IFM Business Logistics & Ship...,OFS Client Review Required (Do not delete automatically)
company-profile,https://ofsgroupindia.com/company-profile/,hospitality,...ce Procurement Engineering & EPC Support Services Hospitality & Catering Services IFM Business Logistics & Ship...,OFS Client Review Required (Do not delete automatically)
company-profile,https://ofsgroupindia.com/company-profile/,hospitality,"...hooting, Procurement, Engineering, and Catering & Hospitality—to the energy, industrial, marine, offshore, and...",OFS Client Review Required (Do not delete automatically)
company-profile,https://ofsgroupindia.com/company-profile/,ifm,...Support Services Hospitality & Catering Services IFM Business Logistics & Shipping Procurement & Shipp...,OFS Client Review Required (Do not delete automatically)
company-profile,https://ofsgroupindia.com/company-profile/,ifm,...Support Services Hospitality & Catering Services IFM Business Logistics & Shipping Procurement & Shipp...,OFS Client Review Required (Do not delete automatically)
mission-vision,https://ofsworld.com/mission-vision/,catering,...nd expert manpower \u2014 while ensuring top-tier Catering and Hospitality solutions that elevate workforce...,OFS Client Review Required (Do not delete automatically)
mission-vision,https://ofsworld.com/mission-vision/,catering,...Engineering & EPC Support Services Hospitality & Catering Services IFM Business Logistics & Shipping Procur...,OFS Client Review Required (Do not delete automatically)
mission-vision,https://ofsworld.com/mission-vision/,catering,...Engineering & EPC Support Services Hospitality & Catering Services IFM Business Logistics & Shipping Procur...,OFS Client Review Required (Do not delete automatically)
mission-vision,https://ofsworld.com/mission-vision/,catering,"...ms, and expert manpower — while ensuring top-tier Catering and Hospitality solutions that elevate workforce...",OFS Client Review Required (Do not delete automatically)
mission-vision,https://ofsworld.com/mission-vision/,catering,"...M, Troubleshooting, Procurement, Engineering, and Catering & Hospitality—to the energy, industrial, marine,...",OFS Client Review Required (Do not delete automatically)
mission-vision,https://ofsworld.com/mission-vision/,hospitality,...power \u2014 while ensuring top-tier Catering and Hospitality solutions that elevate workforce well-being and p...,OFS Client Review Required (Do not delete automatically)
mission-vision,https://ofsworld.com/mission-vision/,hospitality,...ce Procurement Engineering & EPC Support Services Hospitality & Catering Services IFM Business Logistics & Ship...,OFS Client Review Required (Do not delete automatically)
mission-vision,https://ofsworld.com/mission-vision/,hospitality,...ce Procurement Engineering & EPC Support Services Hospitality & Catering Services IFM Business Logistics & Ship...,OFS Client Review Required (Do not delete automatically)
mission-vision,https://ofsworld.com/mission-vision/,hospitality,...t manpower — while ensuring top-tier Catering and Hospitality solutions that elevate workforce well-being and p...,OFS Client Review Required (Do not delete automatically)
mission-vision,https://ofsworld.com/mission-vision/,hospitality,"...hooting, Procurement, Engineering, and Catering & Hospitality—to the energy, industrial, marine, offshore, and...",OFS Client Review Required (Do not delete automatically)
mission-vision,https://ofsworld.com/mission-vision/,ifm,...Support Services Hospitality & Catering Services IFM Business Logistics & Shipping Procurement & Shipp...,OFS Client Review Required (Do not delete automatically)
mission-vision,https://ofsworld.com/mission-vision/,ifm,...Support Services Hospitality & Catering Services IFM Business Logistics & Shipping Procurement & Shipp...,OFS Client Review Required (Do not delete automatically)
contact-us,https://ofsworld.com/contact-us/,catering,...Engineering & EPC Support Services Hospitality & Catering Services IFM Business Logistics & Shipping Procur...,OFS Client Review Required (Do not delete automatically)
contact-us,https://ofsworld.com/contact-us/,catering,...Engineering & EPC Support Services Hospitality & Catering Services IFM Business Logistics & Shipping Procur...,OFS Client Review Required (Do not delete automatically)
contact-us,https://ofsworld.com/contact-us/,catering,"...M, Troubleshooting, Procurement, Engineering, and Catering & Hospitality—to the energy, industrial, marine,...",OFS Client Review Required (Do not delete automatically)
contact-us,https://ofsworld.com/contact-us/,hospitality,...ce Procurement Engineering & EPC Support Services Hospitality & Catering Services IFM Business Logistics & Ship...,OFS Client Review Required (Do not delete automatically)
contact-us,https://ofsworld.com/contact-us/,hospitality,...ce Procurement Engineering & EPC Support Services Hospitality & Catering Services IFM Business Logistics & Ship...,OFS Client Review Required (Do not delete automatically)
contact-us,https://ofsworld.com/contact-us/,hospitality,"...hooting, Procurement, Engineering, and Catering & Hospitality—to the energy, industrial, marine, offshore, and...",OFS Client Review Required (Do not delete automatically)
contact-us,https://ofsworld.com/contact-us/,ifm,...Support Services Hospitality & Catering Services IFM Business Logistics & Shipping Procurement & Shipp...,OFS Client Review Required (Do not delete automatically)
contact-us,https://ofsworld.com/contact-us/,ifm,...Support Services Hospitality & Catering Services IFM Business Logistics & Shipping Procurement & Shipp...,OFS Client Review Required (Do not delete automatically)
procurement-shipping,https://ofsworld.com/procurement-shipping/,aviation,"...ions for a diverse range of industries, including aviation maintenance, oil & gas, petroleum refining, and m...",OFS Client Review Required (Do not delete automatically)
procurement-shipping,https://ofsworld.com/procurement-shipping/,aviation,"...ions for a diverse range of industries, including aviation maintenance, oil & gas, petroleum refining, and m...",OFS Client Review Required (Do not delete automatically)
procurement-shipping,https://ofsworld.com/procurement-shipping/,catering,...Engineering & EPC Support Services Hospitality & Catering Services IFM Business Logistics & Shipping Procur...,OFS Client Review Required (Do not delete automatically)
procurement-shipping,https://ofsworld.com/procurement-shipping/,catering,...Engineering & EPC Support Services Hospitality & Catering Services IFM Business Logistics & Shipping Procur...,OFS Client Review Required (Do not delete automatically)
procurement-shipping,https://ofsworld.com/procurement-shipping/,catering,"...M, Troubleshooting, Procurement, Engineering, and Catering & Hospitality—to the energy, industrial, marine,...",OFS Client Review Required (Do not delete automatically)
procurement-shipping,https://ofsworld.com/procurement-shipping/,hospitality,...ce Procurement Engineering & EPC Support Services Hospitality & Catering Services IFM Business Logistics & Ship...,OFS Client Review Required (Do not delete automatically)
procurement-shipping,https://ofsworld.com/procurement-shipping/,hospitality,...ce Procurement Engineering & EPC Support Services Hospitality & Catering Services IFM Business Logistics & Ship...,OFS Client Review Required (Do not delete automatically)
procurement-shipping,https://ofsworld.com/procurement-shipping/,hospitality,"...hooting, Procurement, Engineering, and Catering & Hospitality—to the energy, industrial, marine, offshore, and...",OFS Client Review Required (Do not delete automatically)
procurement-shipping,https://ofsworld.com/procurement-shipping/,ifm,...Support Services Hospitality & Catering Services IFM Business Logistics & Shipping Procurement & Shipp...,OFS Client Review Required (Do not delete automatically)
procurement-shipping,https://ofsworld.com/procurement-shipping/,ifm,...Support Services Hospitality & Catering Services IFM Business Logistics & Shipping Procurement & Shipp...,OFS Client Review Required (Do not delete automatically)
logistics-shipping,https://ofsgroupindia.com/logistics-shipping/,aviation,...ineering Electrical & Electronics Mining Minerals Aviation Maintenance Services Petroleum Refining General M...,OFS Client Review Required (Do not delete automatically)
logistics-shipping,https://ofsgroupindia.com/logistics-shipping/,catering,...Engineering & EPC Support Services Hospitality & Catering Services IFM Business Logistics & Shipping Procur...,OFS Client Review Required (Do not delete automatically)
logistics-shipping,https://ofsgroupindia.com/logistics-shipping/,catering,...Engineering & EPC Support Services Hospitality & Catering Services IFM Business Logistics & Shipping Procur...,OFS Client Review Required (Do not delete automatically)
logistics-shipping,https://ofsgroupindia.com/logistics-shipping/,catering,"...M, Troubleshooting, Procurement, Engineering, and Catering & Hospitality—to the energy, industrial, marine,...",OFS Client Review Required (Do not delete automatically)
logistics-shipping,https://ofsgroupindia.com/logistics-shipping/,hospitality,...ce Procurement Engineering & EPC Support Services Hospitality & Catering Services IFM Business Logistics & Ship...,OFS Client Review Required (Do not delete automatically)
logistics-shipping,https://ofsgroupindia.com/logistics-shipping/,hospitality,...ce Procurement Engineering & EPC Support Services Hospitality & Catering Services IFM Business Logistics & Ship...,OFS Client Review Required (Do not delete automatically)
logistics-shipping,https://ofsgroupindia.com/logistics-shipping/,hospitality,"...hooting, Procurement, Engineering, and Catering & Hospitality—to the energy, industrial, marine, offshore, and...",OFS Client Review Required (Do not delete automatically)
logistics-shipping,https://ofsgroupindia.com/logistics-shipping/,ifm,...Support Services Hospitality & Catering Services IFM Business Logistics & Shipping Procurement & Shipp...,OFS Client Review Required (Do not delete automatically)
logistics-shipping,https://ofsgroupindia.com/logistics-shipping/,ifm,...Support Services Hospitality & Catering Services IFM Business Logistics & Shipping Procurement & Shipp...,OFS Client Review Required (Do not delete automatically)
logistics-shipping,https://ofsgroupindia.com/logistics-shipping/,pharmaceutical,...growth. Power Energy Transportation Biotechnology Pharmaceutical & Chemicals Heavy Engineering Electrical & Electr...,OFS Client Review Required (Do not delete automatically)
spare-parts-procurement,https://ofsworld.com/spare-parts-procurement/,catering,...Engineering & EPC Support Services Hospitality & Catering Services IFM Business Logistics & Shipping Procur...,OFS Client Review Required (Do not delete automatically)
spare-parts-procurement,https://ofsworld.com/spare-parts-procurement/,catering,...Engineering & EPC Support Services Hospitality & Catering Services IFM Business Logistics & Shipping Procur...,OFS Client Review Required (Do not delete automatically)
spare-parts-procurement,https://ofsworld.com/spare-parts-procurement/,catering,"...M, Troubleshooting, Procurement, Engineering, and Catering & Hospitality—to the energy, industrial, marine,...",OFS Client Review Required (Do not delete automatically)
spare-parts-procurement,https://ofsworld.com/spare-parts-procurement/,hospitality,...ce Procurement Engineering & EPC Support Services Hospitality & Catering Services IFM Business Logistics & Ship...,OFS Client Review Required (Do not delete automatically)
spare-parts-procurement,https://ofsworld.com/spare-parts-procurement/,hospitality,...ce Procurement Engineering & EPC Support Services Hospitality & Catering Services IFM Business Logistics & Ship...,OFS Client Review Required (Do not delete automatically)
spare-parts-procurement,https://ofsworld.com/spare-parts-procurement/,hospitality,"...hooting, Procurement, Engineering, and Catering & Hospitality—to the energy, industrial, marine, offshore, and...",OFS Client Review Required (Do not delete automatically)
spare-parts-procurement,https://ofsworld.com/spare-parts-procurement/,ifm,...Support Services Hospitality & Catering Services IFM Business Logistics & Shipping Procurement & Shipp...,OFS Client Review Required (Do not delete automatically)
spare-parts-procurement,https://ofsworld.com/spare-parts-procurement/,ifm,...Support Services Hospitality & Catering Services IFM Business Logistics & Shipping Procurement & Shipp...,OFS Client Review Required (Do not delete automatically)
oil-gas,https://ofsgroupindia.com/oil-gas/,catering,...Engineering & EPC Support Services Hospitality & Catering Services IFM Business Logistics & Shipping Procur...,OFS Client Review Required (Do not delete automatically)
oil-gas,https://ofsgroupindia.com/oil-gas/,catering,...Engineering & EPC Support Services Hospitality & Catering Services IFM Business Logistics & Shipping Procur...,OFS Client Review Required (Do not delete automatically)
oil-gas,https://ofsgroupindia.com/oil-gas/,catering,"...M, Troubleshooting, Procurement, Engineering, and Catering & Hospitality—to the energy, industrial, marine,...",OFS Client Review Required (Do not delete automatically)
oil-gas,https://ofsgroupindia.com/oil-gas/,hospitality,...ce Procurement Engineering & EPC Support Services Hospitality & Catering Services IFM Business Logistics & Ship...,OFS Client Review Required (Do not delete automatically)
oil-gas,https://ofsgroupindia.com/oil-gas/,hospitality,...ce Procurement Engineering & EPC Support Services Hospitality & Catering Services IFM Business Logistics & Ship...,OFS Client Review Required (Do not delete automatically)
oil-gas,https://ofsgroupindia.com/oil-gas/,hospitality,"...hooting, Procurement, Engineering, and Catering & Hospitality—to the energy, industrial, marine, offshore, and...",OFS Client Review Required (Do not delete automatically)
oil-gas,https://ofsgroupindia.com/oil-gas/,ifm,...Support Services Hospitality & Catering Services IFM Business Logistics & Shipping Procurement & Shipp...,OFS Client Review Required (Do not delete automatically)
oil-gas,https://ofsgroupindia.com/oil-gas/,ifm,...Support Services Hospitality & Catering Services IFM Business Logistics & Shipping Procurement & Shipp...,OFS Client Review Required (Do not delete automatically)
marine,https://ofsworld.com/marine/,catering,"...pectrum of ship spare parts and marine equipment, catering to the operational demands of commercial vessels,...",OFS Client Review Required (Do not delete automatically)
marine,https://ofsworld.com/marine/,catering,...Engineering & EPC Support Services Hospitality & Catering Services IFM Business Logistics & Shipping Procur...,OFS Client Review Required (Do not delete automatically)
marine,https://ofsworld.com/marine/,catering,...Engineering & EPC Support Services Hospitality & Catering Services IFM Business Logistics & Shipping Procur...,OFS Client Review Required (Do not delete automatically)
marine,https://ofsworld.com/marine/,catering,"...pectrum of ship spare parts and marine equipment, catering to the operational demands of commercial vessels,...",OFS Client Review Required (Do not delete automatically)
marine,https://ofsworld.com/marine/,catering,"...M, Troubleshooting, Procurement, Engineering, and Catering & Hospitality—to the energy, industrial, marine,...",OFS Client Review Required (Do not delete automatically)
marine,https://ofsworld.com/marine/,hospitality,...ce Procurement Engineering & EPC Support Services Hospitality & Catering Services IFM Business Logistics & Ship...,OFS Client Review Required (Do not delete automatically)
marine,https://ofsworld.com/marine/,hospitality,...ce Procurement Engineering & EPC Support Services Hospitality & Catering Services IFM Business Logistics & Ship...,OFS Client Review Required (Do not delete automatically)
marine,https://ofsworld.com/marine/,hospitality,"...hooting, Procurement, Engineering, and Catering & Hospitality—to the energy, industrial, marine, offshore, and...",OFS Client Review Required (Do not delete automatically)
marine,https://ofsworld.com/marine/,ifm,...Support Services Hospitality & Catering Services IFM Business Logistics & Shipping Procurement & Shipp...,OFS Client Review Required (Do not delete automatically)
marine,https://ofsworld.com/marine/,ifm,...Support Services Hospitality & Catering Services IFM Business Logistics & Shipping Procurement & Shipp...,OFS Client Review Required (Do not delete automatically)
renewable-energy,https://ofsgroupindia.com/renewable-energy/,catering,...Engineering & EPC Support Services Hospitality & Catering Services IFM Business Logistics & Shipping Procur...,OFS Client Review Required (Do not delete automatically)
renewable-energy,https://ofsgroupindia.com/renewable-energy/,catering,...Engineering & EPC Support Services Hospitality & Catering Services IFM Business Logistics & Shipping Procur...,OFS Client Review Required (Do not delete automatically)
renewable-energy,https://ofsgroupindia.com/renewable-energy/,catering,"...M, Troubleshooting, Procurement, Engineering, and Catering & Hospitality—to the energy, industrial, marine,...",OFS Client Review Required (Do not delete automatically)
renewable-energy,https://ofsgroupindia.com/renewable-energy/,hospitality,...ce Procurement Engineering & EPC Support Services Hospitality & Catering Services IFM Business Logistics & Ship...,OFS Client Review Required (Do not delete automatically)
renewable-energy,https://ofsgroupindia.com/renewable-energy/,hospitality,...ce Procurement Engineering & EPC Support Services Hospitality & Catering Services IFM Business Logistics & Ship...,OFS Client Review Required (Do not delete automatically)
renewable-energy,https://ofsgroupindia.com/renewable-energy/,hospitality,"...hooting, Procurement, Engineering, and Catering & Hospitality—to the energy, industrial, marine, offshore, and...",OFS Client Review Required (Do not delete automatically)
renewable-energy,https://ofsgroupindia.com/renewable-energy/,ifm,...Support Services Hospitality & Catering Services IFM Business Logistics & Shipping Procurement & Shipp...,OFS Client Review Required (Do not delete automatically)
renewable-energy,https://ofsgroupindia.com/renewable-energy/,ifm,...Support Services Hospitality & Catering Services IFM Business Logistics & Shipping Procurement & Shipp...,OFS Client Review Required (Do not delete automatically)
power-energy,https://ofsworld.com/power-energy/,catering,...Engineering & EPC Support Services Hospitality & Catering Services IFM Business Logistics & Shipping Procur...,OFS Client Review Required (Do not delete automatically)
power-energy,https://ofsworld.com/power-energy/,catering,...Engineering & EPC Support Services Hospitality & Catering Services IFM Business Logistics & Shipping Procur...,OFS Client Review Required (Do not delete automatically)
power-energy,https://ofsworld.com/power-energy/,catering,"...M, Troubleshooting, Procurement, Engineering, and Catering & Hospitality—to the energy, industrial, marine,...",OFS Client Review Required (Do not delete automatically)
power-energy,https://ofsworld.com/power-energy/,hospitality,...ce Procurement Engineering & EPC Support Services Hospitality & Catering Services IFM Business Logistics & Ship...,OFS Client Review Required (Do not delete automatically)
power-energy,https://ofsworld.com/power-energy/,hospitality,...ce Procurement Engineering & EPC Support Services Hospitality & Catering Services IFM Business Logistics & Ship...,OFS Client Review Required (Do not delete automatically)
power-energy,https://ofsworld.com/power-energy/,hospitality,"...hooting, Procurement, Engineering, and Catering & Hospitality—to the energy, industrial, marine, offshore, and...",OFS Client Review Required (Do not delete automatically)
power-energy,https://ofsworld.com/power-energy/,ifm,...Support Services Hospitality & Catering Services IFM Business Logistics & Shipping Procurement & Shipp...,OFS Client Review Required (Do not delete automatically)
power-energy,https://ofsworld.com/power-energy/,ifm,...Support Services Hospitality & Catering Services IFM Business Logistics & Shipping Procurement & Shipp...,OFS Client Review Required (Do not delete automatically)
petroleum-refining,https://ofsgroupindia.com/petroleum-refining/,catering,...Engineering & EPC Support Services Hospitality & Catering Services IFM Business Logistics & Shipping Procur...,OFS Client Review Required (Do not delete automatically)
petroleum-refining,https://ofsgroupindia.com/petroleum-refining/,catering,...Engineering & EPC Support Services Hospitality & Catering Services IFM Business Logistics & Shipping Procur...,OFS Client Review Required (Do not delete automatically)
petroleum-refining,https://ofsgroupindia.com/petroleum-refining/,catering,"...M, Troubleshooting, Procurement, Engineering, and Catering & Hospitality—to the energy, industrial, marine,...",OFS Client Review Required (Do not delete automatically)
petroleum-refining,https://ofsgroupindia.com/petroleum-refining/,hospitality,...ce Procurement Engineering & EPC Support Services Hospitality & Catering Services IFM Business Logistics & Ship...,OFS Client Review Required (Do not delete automatically)
petroleum-refining,https://ofsgroupindia.com/petroleum-refining/,hospitality,...ce Procurement Engineering & EPC Support Services Hospitality & Catering Services IFM Business Logistics & Ship...,OFS Client Review Required (Do not delete automatically)
petroleum-refining,https://ofsgroupindia.com/petroleum-refining/,hospitality,"...hooting, Procurement, Engineering, and Catering & Hospitality—to the energy, industrial, marine, offshore, and...",OFS Client Review Required (Do not delete automatically)
petroleum-refining,https://ofsgroupindia.com/petroleum-refining/,ifm,...Support Services Hospitality & Catering Services IFM Business Logistics & Shipping Procurement & Shipp...,OFS Client Review Required (Do not delete automatically)
petroleum-refining,https://ofsgroupindia.com/petroleum-refining/,ifm,...Support Services Hospitality & Catering Services IFM Business Logistics & Shipping Procurement & Shipp...,OFS Client Review Required (Do not delete automatically)
cement,https://ofsworld.com/cement/,catering,...Engineering & EPC Support Services Hospitality & Catering Services IFM Business Logistics & Shipping Procur...,OFS Client Review Required (Do not delete automatically)
cement,https://ofsworld.com/cement/,catering,...Engineering & EPC Support Services Hospitality & Catering Services IFM Business Logistics & Shipping Procur...,OFS Client Review Required (Do not delete automatically)
cement,https://ofsworld.com/cement/,catering,"...M, Troubleshooting, Procurement, Engineering, and Catering & Hospitality—to the energy, industrial, marine,...",OFS Client Review Required (Do not delete automatically)
cement,https://ofsworld.com/cement/,hospitality,...ce Procurement Engineering & EPC Support Services Hospitality & Catering Services IFM Business Logistics & Ship...,OFS Client Review Required (Do not delete automatically)
cement,https://ofsworld.com/cement/,hospitality,...ce Procurement Engineering & EPC Support Services Hospitality & Catering Services IFM Business Logistics & Ship...,OFS Client Review Required (Do not delete automatically)
cement,https://ofsworld.com/cement/,hospitality,"...hooting, Procurement, Engineering, and Catering & Hospitality—to the energy, industrial, marine, offshore, and...",OFS Client Review Required (Do not delete automatically)
cement,https://ofsworld.com/cement/,ifm,...Support Services Hospitality & Catering Services IFM Business Logistics & Shipping Procurement & Shipp...,OFS Client Review Required (Do not delete automatically)
cement,https://ofsworld.com/cement/,ifm,...Support Services Hospitality & Catering Services IFM Business Logistics & Shipping Procurement & Shipp...,OFS Client Review Required (Do not delete automatically)
mining-minerals,https://ofsworld.com/mining-minerals/,catering,...Engineering & EPC Support Services Hospitality & Catering Services IFM Business Logistics & Shipping Procur...,OFS Client Review Required (Do not delete automatically)
mining-minerals,https://ofsworld.com/mining-minerals/,catering,...Engineering & EPC Support Services Hospitality & Catering Services IFM Business Logistics & Shipping Procur...,OFS Client Review Required (Do not delete automatically)
mining-minerals,https://ofsworld.com/mining-minerals/,catering,"...M, Troubleshooting, Procurement, Engineering, and Catering & Hospitality—to the energy, industrial, marine,...",OFS Client Review Required (Do not delete automatically)
mining-minerals,https://ofsworld.com/mining-minerals/,hospitality,...ce Procurement Engineering & EPC Support Services Hospitality & Catering Services IFM Business Logistics & Ship...,OFS Client Review Required (Do not delete automatically)
mining-minerals,https://ofsworld.com/mining-minerals/,hospitality,...ce Procurement Engineering & EPC Support Services Hospitality & Catering Services IFM Business Logistics & Ship...,OFS Client Review Required (Do not delete automatically)
mining-minerals,https://ofsworld.com/mining-minerals/,hospitality,"...hooting, Procurement, Engineering, and Catering & Hospitality—to the energy, industrial, marine, offshore, and...",OFS Client Review Required (Do not delete automatically)
mining-minerals,https://ofsworld.com/mining-minerals/,ifm,...Support Services Hospitality & Catering Services IFM Business Logistics & Shipping Procurement & Shipp...,OFS Client Review Required (Do not delete automatically)
mining-minerals,https://ofsworld.com/mining-minerals/,ifm,...Support Services Hospitality & Catering Services IFM Business Logistics & Shipping Procurement & Shipp...,OFS Client Review Required (Do not delete automatically)
heavy-engineering,https://ofsworld.com/heavy-engineering/,catering,...Engineering & EPC Support Services Hospitality & Catering Services IFM Business Logistics & Shipping Procur...,OFS Client Review Required (Do not delete automatically)
heavy-engineering,https://ofsworld.com/heavy-engineering/,catering,...Engineering & EPC Support Services Hospitality & Catering Services IFM Business Logistics & Shipping Procur...,OFS Client Review Required (Do not delete automatically)
heavy-engineering,https://ofsworld.com/heavy-engineering/,catering,"...M, Troubleshooting, Procurement, Engineering, and Catering & Hospitality—to the energy, industrial, marine,...",OFS Client Review Required (Do not delete automatically)
heavy-engineering,https://ofsworld.com/heavy-engineering/,hospitality,...ce Procurement Engineering & EPC Support Services Hospitality & Catering Services IFM Business Logistics & Ship...,OFS Client Review Required (Do not delete automatically)
heavy-engineering,https://ofsworld.com/heavy-engineering/,hospitality,...ce Procurement Engineering & EPC Support Services Hospitality & Catering Services IFM Business Logistics & Ship...,OFS Client Review Required (Do not delete automatically)
heavy-engineering,https://ofsworld.com/heavy-engineering/,hospitality,"...hooting, Procurement, Engineering, and Catering & Hospitality—to the energy, industrial, marine, offshore, and...",OFS Client Review Required (Do not delete automatically)
heavy-engineering,https://ofsworld.com/heavy-engineering/,ifm,...Support Services Hospitality & Catering Services IFM Business Logistics & Shipping Procurement & Shipp...,OFS Client Review Required (Do not delete automatically)
heavy-engineering,https://ofsworld.com/heavy-engineering/,ifm,...Support Services Hospitality & Catering Services IFM Business Logistics & Shipping Procurement & Shipp...,OFS Client Review Required (Do not delete automatically)
mro-supply,https://ofsgroupindia.com/mro-supply/,catering,...Engineering & EPC Support Services Hospitality & Catering Services IFM Business Logistics & Shipping Procur...,OFS Client Review Required (Do not delete automatically)
mro-supply,https://ofsgroupindia.com/mro-supply/,catering,...Engineering & EPC Support Services Hospitality & Catering Services IFM Business Logistics & Shipping Procur...,OFS Client Review Required (Do not delete automatically)
mro-supply,https://ofsgroupindia.com/mro-supply/,catering,"...M, Troubleshooting, Procurement, Engineering, and Catering & Hospitality—to the energy, industrial, marine,...",OFS Client Review Required (Do not delete automatically)
mro-supply,https://ofsgroupindia.com/mro-supply/,hospitality,...ce Procurement Engineering & EPC Support Services Hospitality & Catering Services IFM Business Logistics & Ship...,OFS Client Review Required (Do not delete automatically)
mro-supply,https://ofsgroupindia.com/mro-supply/,hospitality,...ce Procurement Engineering & EPC Support Services Hospitality & Catering Services IFM Business Logistics & Ship...,OFS Client Review Required (Do not delete automatically)
mro-supply,https://ofsgroupindia.com/mro-supply/,hospitality,"...hooting, Procurement, Engineering, and Catering & Hospitality—to the energy, industrial, marine, offshore, and...",OFS Client Review Required (Do not delete automatically)
mro-supply,https://ofsgroupindia.com/mro-supply/,ifm,...Support Services Hospitality & Catering Services IFM Business Logistics & Shipping Procurement & Shipp...,OFS Client Review Required (Do not delete automatically)
mro-supply,https://ofsgroupindia.com/mro-supply/,ifm,...Support Services Hospitality & Catering Services IFM Business Logistics & Shipping Procurement & Shipp...,OFS Client Review Required (Do not delete automatically)
rotary-equipment,https://ofsworld.com/rotary-equipment/,catering,...Engineering & EPC Support Services Hospitality & Catering Services IFM Business Logistics & Shipping Procur...,OFS Client Review Required (Do not delete automatically)
rotary-equipment,https://ofsworld.com/rotary-equipment/,catering,...Engineering & EPC Support Services Hospitality & Catering Services IFM Business Logistics & Shipping Procur...,OFS Client Review Required (Do not delete automatically)
rotary-equipment,https://ofsworld.com/rotary-equipment/,catering,"...M, Troubleshooting, Procurement, Engineering, and Catering & Hospitality—to the energy, industrial, marine,...",OFS Client Review Required (Do not delete automatically)
rotary-equipment,https://ofsworld.com/rotary-equipment/,hospitality,...ce Procurement Engineering & EPC Support Services Hospitality & Catering Services IFM Business Logistics & Ship...,OFS Client Review Required (Do not delete automatically)
rotary-equipment,https://ofsworld.com/rotary-equipment/,hospitality,...ce Procurement Engineering & EPC Support Services Hospitality & Catering Services IFM Business Logistics & Ship...,OFS Client Review Required (Do not delete automatically)
rotary-equipment,https://ofsworld.com/rotary-equipment/,hospitality,"...hooting, Procurement, Engineering, and Catering & Hospitality—to the energy, industrial, marine, offshore, and...",OFS Client Review Required (Do not delete automatically)
rotary-equipment,https://ofsworld.com/rotary-equipment/,ifm,...Support Services Hospitality & Catering Services IFM Business Logistics & Shipping Procurement & Shipp...,OFS Client Review Required (Do not delete automatically)
rotary-equipment,https://ofsworld.com/rotary-equipment/,ifm,...Support Services Hospitality & Catering Services IFM Business Logistics & Shipping Procurement & Shipp...,OFS Client Review Required (Do not delete automatically)
pumps-spare-parts,https://ofsworld.com/pumps-spare-parts/,catering,...Engineering & EPC Support Services Hospitality & Catering Services IFM Business Logistics & Shipping Procur...,OFS Client Review Required (Do not delete automatically)
pumps-spare-parts,https://ofsworld.com/pumps-spare-parts/,catering,...Engineering & EPC Support Services Hospitality & Catering Services IFM Business Logistics & Shipping Procur...,OFS Client Review Required (Do not delete automatically)
pumps-spare-parts,https://ofsworld.com/pumps-spare-parts/,catering,"...M, Troubleshooting, Procurement, Engineering, and Catering & Hospitality—to the energy, industrial, marine,...",OFS Client Review Required (Do not delete automatically)
pumps-spare-parts,https://ofsworld.com/pumps-spare-parts/,hospitality,...ce Procurement Engineering & EPC Support Services Hospitality & Catering Services IFM Business Logistics & Ship...,OFS Client Review Required (Do not delete automatically)
pumps-spare-parts,https://ofsworld.com/pumps-spare-parts/,hospitality,...ce Procurement Engineering & EPC Support Services Hospitality & Catering Services IFM Business Logistics & Ship...,OFS Client Review Required (Do not delete automatically)
pumps-spare-parts,https://ofsworld.com/pumps-spare-parts/,hospitality,"...hooting, Procurement, Engineering, and Catering & Hospitality—to the energy, industrial, marine, offshore, and...",OFS Client Review Required (Do not delete automatically)
pumps-spare-parts,https://ofsworld.com/pumps-spare-parts/,ifm,...Support Services Hospitality & Catering Services IFM Business Logistics & Shipping Procurement & Shipp...,OFS Client Review Required (Do not delete automatically)
pumps-spare-parts,https://ofsworld.com/pumps-spare-parts/,ifm,...Support Services Hospitality & Catering Services IFM Business Logistics & Shipping Procurement & Shipp...,OFS Client Review Required (Do not delete automatically)
pumps-spare-parts,https://ofsworld.com/pumps-spare-parts/,pharmaceutical,"...e turbine operation make them ideal for chemical, pharmaceutical, and food processing applications. OFS hydraulic...",OFS Client Review Required (Do not delete automatically)
pumps-spare-parts,https://ofsworld.com/pumps-spare-parts/,chemical,"...reversible turbine operation make them ideal for chemical, pharmaceutical, and food processing applications...",OFS Client Review Required (Do not delete automatically)
pumps-spare-parts,https://ofsworld.com/pumps-spare-parts/,chemical,"...OFS vacuum pumps deliver reliable performance for chemical processing and manufacturing applications, includ...",OFS Client Review Required (Do not delete automatically)
pumps-spare-parts,https://ofsworld.com/pumps-spare-parts/,chemical,"...rom processes in food production, refineries, and chemical plants. These versatile systems elevate temperatu...",OFS Client Review Required (Do not delete automatically)
industrial-valves,https://ofsworld.com/industrial-valves/,catering,...Engineering & EPC Support Services Hospitality & Catering Services IFM Business Logistics & Shipping Procur...,OFS Client Review Required (Do not delete automatically)
industrial-valves,https://ofsworld.com/industrial-valves/,catering,...Engineering & EPC Support Services Hospitality & Catering Services IFM Business Logistics & Shipping Procur...,OFS Client Review Required (Do not delete automatically)
industrial-valves,https://ofsworld.com/industrial-valves/,catering,"...M, Troubleshooting, Procurement, Engineering, and Catering & Hospitality—to the energy, industrial, marine,...",OFS Client Review Required (Do not delete automatically)
industrial-valves,https://ofsworld.com/industrial-valves/,hospitality,...ce Procurement Engineering & EPC Support Services Hospitality & Catering Services IFM Business Logistics & Ship...,OFS Client Review Required (Do not delete automatically)
industrial-valves,https://ofsworld.com/industrial-valves/,hospitality,...ce Procurement Engineering & EPC Support Services Hospitality & Catering Services IFM Business Logistics & Ship...,OFS Client Review Required (Do not delete automatically)
industrial-valves,https://ofsworld.com/industrial-valves/,hospitality,"...hooting, Procurement, Engineering, and Catering & Hospitality—to the energy, industrial, marine, offshore, and...",OFS Client Review Required (Do not delete automatically)
industrial-valves,https://ofsworld.com/industrial-valves/,ifm,...Support Services Hospitality & Catering Services IFM Business Logistics & Shipping Procurement & Shipp...,OFS Client Review Required (Do not delete automatically)
industrial-valves,https://ofsworld.com/industrial-valves/,ifm,...Support Services Hospitality & Catering Services IFM Business Logistics & Shipping Procurement & Shipp...,OFS Client Review Required (Do not delete automatically)
industrial-valves,https://ofsworld.com/industrial-valves/,pharmaceutical,"...nt-free operation ensures product purity in food, pharmaceutical, and ultra-clean processes. OFS diaphragm valves...",OFS Client Review Required (Do not delete automatically)
industrial-valves,https://ofsworld.com/industrial-valves/,chemical,"...ufacturing industry, particularly in oil and gas, chemical processing, and water management systems."",""inLan...",OFS Client Review Required (Do not delete automatically)
industrial-valves,https://ofsworld.com/industrial-valves/,chemical,"...ufacturing industry, particularly in oil and gas, chemical processing, and water management systems. At Reft...",OFS Client Review Required (Do not delete automatically)
industrial-valves,https://ofsworld.com/industrial-valves/,chemical,"...lves designed for various applications, including chemical processing, HVAC systems, water distribution, agr...",OFS Client Review Required (Do not delete automatically)
industrial-valves,https://ofsworld.com/industrial-valves/,chemical,"...ility, these valves excel in petroleum pipelines, chemical plants, and industrial fluid systems. Engineered...",OFS Client Review Required (Do not delete automatically)
industrial-valves,https://ofsworld.com/industrial-valves/,chemical,"...lications, including corrosive liquid handling in chemical plants and critical processes in power transmissi...",OFS Client Review Required (Do not delete automatically)
industrial-valves,https://ofsworld.com/industrial-valves/,chemical,"...these valves safeguard critical infrastructure in chemical plants, gas storage facilities, and power generat...",OFS Client Review Required (Do not delete automatically)
industrial-valves,https://ofsworld.com/industrial-valves/,chemical,"...performance in mining, wastewater treatment, and chemical processing applications where traditional valves...",OFS Client Review Required (Do not delete automatically)
transportation,https://ofsgroupindia.com/transportation/,catering,...Engineering & EPC Support Services Hospitality & Catering Services IFM Business Logistics & Shipping Procur...,OFS Client Review Required (Do not delete automatically)
transportation,https://ofsgroupindia.com/transportation/,catering,...Engineering & EPC Support Services Hospitality & Catering Services IFM Business Logistics & Shipping Procur...,OFS Client Review Required (Do not delete automatically)
transportation,https://ofsgroupindia.com/transportation/,catering,"...M, Troubleshooting, Procurement, Engineering, and Catering & Hospitality—to the energy, industrial, marine,...",OFS Client Review Required (Do not delete automatically)
transportation,https://ofsgroupindia.com/transportation/,hospitality,...ce Procurement Engineering & EPC Support Services Hospitality & Catering Services IFM Business Logistics & Ship...,OFS Client Review Required (Do not delete automatically)
transportation,https://ofsgroupindia.com/transportation/,hospitality,...ce Procurement Engineering & EPC Support Services Hospitality & Catering Services IFM Business Logistics & Ship...,OFS Client Review Required (Do not delete automatically)
transportation,https://ofsgroupindia.com/transportation/,hospitality,"...hooting, Procurement, Engineering, and Catering & Hospitality—to the energy, industrial, marine, offshore, and...",OFS Client Review Required (Do not delete automatically)
transportation,https://ofsgroupindia.com/transportation/,ifm,...Support Services Hospitality & Catering Services IFM Business Logistics & Shipping Procurement & Shipp...,OFS Client Review Required (Do not delete automatically)
transportation,https://ofsgroupindia.com/transportation/,ifm,...Support Services Hospitality & Catering Services IFM Business Logistics & Shipping Procurement & Shipp...,OFS Client Review Required (Do not delete automatically)
supply-chain-financing,https://ofsworld.com/supply-chain-financing/,catering,...Engineering & EPC Support Services Hospitality & Catering Services IFM Business Logistics & Shipping Procur...,OFS Client Review Required (Do not delete automatically)
supply-chain-financing,https://ofsworld.com/supply-chain-financing/,catering,...Engineering & EPC Support Services Hospitality & Catering Services IFM Business Logistics & Shipping Procur...,OFS Client Review Required (Do not delete automatically)
supply-chain-financing,https://ofsworld.com/supply-chain-financing/,catering,"...M, Troubleshooting, Procurement, Engineering, and Catering & Hospitality—to the energy, industrial, marine,...",OFS Client Review Required (Do not delete automatically)
supply-chain-financing,https://ofsworld.com/supply-chain-financing/,hospitality,...ce Procurement Engineering & EPC Support Services Hospitality & Catering Services IFM Business Logistics & Ship...,OFS Client Review Required (Do not delete automatically)
supply-chain-financing,https://ofsworld.com/supply-chain-financing/,hospitality,...ce Procurement Engineering & EPC Support Services Hospitality & Catering Services IFM Business Logistics & Ship...,OFS Client Review Required (Do not delete automatically)
supply-chain-financing,https://ofsworld.com/supply-chain-financing/,hospitality,"...hooting, Procurement, Engineering, and Catering & Hospitality—to the energy, industrial, marine, offshore, and...",OFS Client Review Required (Do not delete automatically)
supply-chain-financing,https://ofsworld.com/supply-chain-financing/,ifm,...Support Services Hospitality & Catering Services IFM Business Logistics & Shipping Procurement & Shipp...,OFS Client Review Required (Do not delete automatically)
supply-chain-financing,https://ofsworld.com/supply-chain-financing/,ifm,...Support Services Hospitality & Catering Services IFM Business Logistics & Shipping Procurement & Shipp...,OFS Client Review Required (Do not delete automatically)
inventory-planning-optimisation,https://ofsworld.com/inventory-planning-optimisation/,catering,...Engineering & EPC Support Services Hospitality & Catering Services IFM Business Logistics & Shipping Procur...,OFS Client Review Required (Do not delete automatically)
inventory-planning-optimisation,https://ofsworld.com/inventory-planning-optimisation/,catering,...Engineering & EPC Support Services Hospitality & Catering Services IFM Business Logistics & Shipping Procur...,OFS Client Review Required (Do not delete automatically)
inventory-planning-optimisation,https://ofsworld.com/inventory-planning-optimisation/,catering,"...M, Troubleshooting, Procurement, Engineering, and Catering & Hospitality—to the energy, industrial, marine,...",OFS Client Review Required (Do not delete automatically)
inventory-planning-optimisation,https://ofsworld.com/inventory-planning-optimisation/,hospitality,...ce Procurement Engineering & EPC Support Services Hospitality & Catering Services IFM Business Logistics & Ship...,OFS Client Review Required (Do not delete automatically)
inventory-planning-optimisation,https://ofsworld.com/inventory-planning-optimisation/,hospitality,...ce Procurement Engineering & EPC Support Services Hospitality & Catering Services IFM Business Logistics & Ship...,OFS Client Review Required (Do not delete automatically)
inventory-planning-optimisation,https://ofsworld.com/inventory-planning-optimisation/,hospitality,"...hooting, Procurement, Engineering, and Catering & Hospitality—to the energy, industrial, marine, offshore, and...",OFS Client Review Required (Do not delete automatically)
inventory-planning-optimisation,https://ofsworld.com/inventory-planning-optimisation/,ifm,...Support Services Hospitality & Catering Services IFM Business Logistics & Shipping Procurement & Shipp...,OFS Client Review Required (Do not delete automatically)
inventory-planning-optimisation,https://ofsworld.com/inventory-planning-optimisation/,ifm,...Support Services Hospitality & Catering Services IFM Business Logistics & Shipping Procurement & Shipp...,OFS Client Review Required (Do not delete automatically)
outsource-manufacturing,https://ofsworld.com/outsource-manufacturing/,catering,...Engineering & EPC Support Services Hospitality & Catering Services IFM Business Logistics & Shipping Procur...,OFS Client Review Required (Do not delete automatically)
outsource-manufacturing,https://ofsworld.com/outsource-manufacturing/,catering,...Engineering & EPC Support Services Hospitality & Catering Services IFM Business Logistics & Shipping Procur...,OFS Client Review Required (Do not delete automatically)
outsource-manufacturing,https://ofsworld.com/outsource-manufacturing/,catering,"...M, Troubleshooting, Procurement, Engineering, and Catering & Hospitality—to the energy, industrial, marine,...",OFS Client Review Required (Do not delete automatically)
outsource-manufacturing,https://ofsworld.com/outsource-manufacturing/,hospitality,...ce Procurement Engineering & EPC Support Services Hospitality & Catering Services IFM Business Logistics & Ship...,OFS Client Review Required (Do not delete automatically)
outsource-manufacturing,https://ofsworld.com/outsource-manufacturing/,hospitality,...ce Procurement Engineering & EPC Support Services Hospitality & Catering Services IFM Business Logistics & Ship...,OFS Client Review Required (Do not delete automatically)
outsource-manufacturing,https://ofsworld.com/outsource-manufacturing/,hospitality,"...hooting, Procurement, Engineering, and Catering & Hospitality—to the energy, industrial, marine, offshore, and...",OFS Client Review Required (Do not delete automatically)
outsource-manufacturing,https://ofsworld.com/outsource-manufacturing/,ifm,...Support Services Hospitality & Catering Services IFM Business Logistics & Shipping Procurement & Shipp...,OFS Client Review Required (Do not delete automatically)
outsource-manufacturing,https://ofsworld.com/outsource-manufacturing/,ifm,...Support Services Hospitality & Catering Services IFM Business Logistics & Shipping Procurement & Shipp...,OFS Client Review Required (Do not delete automatically)
strategic-sourcing-mro-data-enrichment,https://ofsworld.com/strategic-sourcing-mro-data-enrichment/,catering,...Engineering & EPC Support Services Hospitality & Catering Services IFM Business Logistics & Shipping Procur...,OFS Client Review Required (Do not delete automatically)
strategic-sourcing-mro-data-enrichment,https://ofsworld.com/strategic-sourcing-mro-data-enrichment/,catering,...Engineering & EPC Support Services Hospitality & Catering Services IFM Business Logistics & Shipping Procur...,OFS Client Review Required (Do not delete automatically)
strategic-sourcing-mro-data-enrichment,https://ofsworld.com/strategic-sourcing-mro-data-enrichment/,catering,"...M, Troubleshooting, Procurement, Engineering, and Catering & Hospitality—to the energy, industrial, marine,...",OFS Client Review Required (Do not delete automatically)
strategic-sourcing-mro-data-enrichment,https://ofsworld.com/strategic-sourcing-mro-data-enrichment/,hospitality,...ce Procurement Engineering & EPC Support Services Hospitality & Catering Services IFM Business Logistics & Ship...,OFS Client Review Required (Do not delete automatically)
strategic-sourcing-mro-data-enrichment,https://ofsworld.com/strategic-sourcing-mro-data-enrichment/,hospitality,...ce Procurement Engineering & EPC Support Services Hospitality & Catering Services IFM Business Logistics & Ship...,OFS Client Review Required (Do not delete automatically)
strategic-sourcing-mro-data-enrichment,https://ofsworld.com/strategic-sourcing-mro-data-enrichment/,hospitality,"...hooting, Procurement, Engineering, and Catering & Hospitality—to the energy, industrial, marine, offshore, and...",OFS Client Review Required (Do not delete automatically)
strategic-sourcing-mro-data-enrichment,https://ofsworld.com/strategic-sourcing-mro-data-enrichment/,ifm,...Support Services Hospitality & Catering Services IFM Business Logistics & Shipping Procurement & Shipp...,OFS Client Review Required (Do not delete automatically)
strategic-sourcing-mro-data-enrichment,https://ofsworld.com/strategic-sourcing-mro-data-enrichment/,ifm,...Support Services Hospitality & Catering Services IFM Business Logistics & Shipping Procurement & Shipp...,OFS Client Review Required (Do not delete automatically)
outsource-procurement,https://ofsworld.com/outsource-procurement/,catering,...Engineering & EPC Support Services Hospitality & Catering Services IFM Business Logistics & Shipping Procur...,OFS Client Review Required (Do not delete automatically)
outsource-procurement,https://ofsworld.com/outsource-procurement/,catering,...Engineering & EPC Support Services Hospitality & Catering Services IFM Business Logistics & Shipping Procur...,OFS Client Review Required (Do not delete automatically)
outsource-procurement,https://ofsworld.com/outsource-procurement/,catering,"...M, Troubleshooting, Procurement, Engineering, and Catering & Hospitality—to the energy, industrial, marine,...",OFS Client Review Required (Do not delete automatically)
outsource-procurement,https://ofsworld.com/outsource-procurement/,hospitality,...ce Procurement Engineering & EPC Support Services Hospitality & Catering Services IFM Business Logistics & Ship...,OFS Client Review Required (Do not delete automatically)
outsource-procurement,https://ofsworld.com/outsource-procurement/,hospitality,...ce Procurement Engineering & EPC Support Services Hospitality & Catering Services IFM Business Logistics & Ship...,OFS Client Review Required (Do not delete automatically)
outsource-procurement,https://ofsworld.com/outsource-procurement/,hospitality,"...hooting, Procurement, Engineering, and Catering & Hospitality—to the energy, industrial, marine, offshore, and...",OFS Client Review Required (Do not delete automatically)
outsource-procurement,https://ofsworld.com/outsource-procurement/,ifm,...Support Services Hospitality & Catering Services IFM Business Logistics & Shipping Procurement & Shipp...,OFS Client Review Required (Do not delete automatically)
outsource-procurement,https://ofsworld.com/outsource-procurement/,ifm,...Support Services Hospitality & Catering Services IFM Business Logistics & Shipping Procurement & Shipp...,OFS Client Review Required (Do not delete automatically)
maintenance-repair-tools,https://ofsworld.com/maintenance-repair-tools/,catering,...Engineering & EPC Support Services Hospitality & Catering Services IFM Business Logistics & Shipping Procur...,OFS Client Review Required (Do not delete automatically)
maintenance-repair-tools,https://ofsworld.com/maintenance-repair-tools/,catering,...Engineering & EPC Support Services Hospitality & Catering Services IFM Business Logistics & Shipping Procur...,OFS Client Review Required (Do not delete automatically)
maintenance-repair-tools,https://ofsworld.com/maintenance-repair-tools/,catering,"...M, Troubleshooting, Procurement, Engineering, and Catering & Hospitality—to the energy, industrial, marine,...",OFS Client Review Required (Do not delete automatically)
maintenance-repair-tools,https://ofsworld.com/maintenance-repair-tools/,hospitality,...ce Procurement Engineering & EPC Support Services Hospitality & Catering Services IFM Business Logistics & Ship...,OFS Client Review Required (Do not delete automatically)
maintenance-repair-tools,https://ofsworld.com/maintenance-repair-tools/,hospitality,...ce Procurement Engineering & EPC Support Services Hospitality & Catering Services IFM Business Logistics & Ship...,OFS Client Review Required (Do not delete automatically)
maintenance-repair-tools,https://ofsworld.com/maintenance-repair-tools/,hospitality,"...hooting, Procurement, Engineering, and Catering & Hospitality—to the energy, industrial, marine, offshore, and...",OFS Client Review Required (Do not delete automatically)
maintenance-repair-tools,https://ofsworld.com/maintenance-repair-tools/,ifm,...Support Services Hospitality & Catering Services IFM Business Logistics & Shipping Procurement & Shipp...,OFS Client Review Required (Do not delete automatically)
maintenance-repair-tools,https://ofsworld.com/maintenance-repair-tools/,ifm,...Support Services Hospitality & Catering Services IFM Business Logistics & Shipping Procurement & Shipp...,OFS Client Review Required (Do not delete automatically)
ofsgroupindia.com,https://ofsgroupindia.com/,catering,...Engineering & EPC Support Services Hospitality & Catering Services IFM Business Logistics & Shipping Procur...,OFS Client Review Required (Do not delete automatically)
ofsgroupindia.com,https://ofsgroupindia.com/,catering,...Engineering & EPC Support Services Hospitality & Catering Services IFM Business Logistics & Shipping Procur...,OFS Client Review Required (Do not delete automatically)
ofsgroupindia.com,https://ofsgroupindia.com/,catering,"...rement solutions for high-quality hospitality and catering supplies. We ensure timely, cost-effective sourci...",OFS Client Review Required (Do not delete automatically)
ofsgroupindia.com,https://ofsgroupindia.com/,catering,...technical specifications and industry standards. Catering Solutions .elementor-1018 .elementor-element.elem...,OFS Client Review Required (Do not delete automatically)
ofsgroupindia.com,https://ofsgroupindia.com/,catering,....elementor-element-5ffb704{width:100%;}} Offshore Catering Solutions We offer specialized offshore catering...,OFS Client Review Required (Do not delete automatically)
ofsgroupindia.com,https://ofsgroupindia.com/,catering,"...Catering Solutions We offer specialized offshore catering solutions, providing high-quality meals and servi...",OFS Client Review Required (Do not delete automatically)
ofsgroupindia.com,https://ofsgroupindia.com/,catering,...ciency to support your crew's well-being. Onshore Catering Solutions We provide comprehensive onshore cateri...,OFS Client Review Required (Do not delete automatically)
ofsgroupindia.com,https://ofsgroupindia.com/,catering,"...tering Solutions We provide comprehensive onshore catering solutions, delivering nutritious and delicious me...",OFS Client Review Required (Do not delete automatically)
ofsgroupindia.com,https://ofsgroupindia.com/,catering,"...M, Troubleshooting, Procurement, Engineering, and Catering & Hospitality—to the energy, industrial, marine,...",OFS Client Review Required (Do not delete automatically)
ofsgroupindia.com,https://ofsgroupindia.com/,hospitality,...ce Procurement Engineering & EPC Support Services Hospitality & Catering Services IFM Business Logistics & Ship...,OFS Client Review Required (Do not delete automatically)
ofsgroupindia.com,https://ofsgroupindia.com/,hospitality,...ce Procurement Engineering & EPC Support Services Hospitality & Catering Services IFM Business Logistics & Ship...,OFS Client Review Required (Do not delete automatically)
ofsgroupindia.com,https://ofsgroupindia.com/,hospitality,"...efficient procurement solutions for high-quality hospitality and catering supplies. We ensure timely, cost-eff...",OFS Client Review Required (Do not delete automatically)
ofsgroupindia.com,https://ofsgroupindia.com/,hospitality,"...hooting, Procurement, Engineering, and Catering & Hospitality—to the energy, industrial, marine, offshore, and...",OFS Client Review Required (Do not delete automatically)
ofsgroupindia.com,https://ofsgroupindia.com/,ifm,...Support Services Hospitality & Catering Services IFM Business Logistics & Shipping Procurement & Shipp...,OFS Client Review Required (Do not delete automatically)
ofsgroupindia.com,https://ofsgroupindia.com/,ifm,...Support Services Hospitality & Catering Services IFM Business Logistics & Shipping Procurement & Shipp...,OFS Client Review Required (Do not delete automatically)
ofsgroupindia.com,https://ofsgroupindia.com/,ifm,...demands of our clients across diverse industries. IFM Business .elementor-1027 .elementor-element.eleme...,OFS Client Review Required (Do not delete automatically)
ofsgroupindia.com,https://ofsgroupindia.com/,ifm,...r-element.elementor-element-5ceff99{width:100%;}} IFM Business We offer end-to-end Integrated Facility...,OFS Client Review Required (Do not delete automatically)
ofsgroupindia.com,https://ofsgroupindia.com/,ifm,"...offer end-to-end Integrated Facility Management (IFM) services designed to optimize operations, reduce...",OFS Client Review Required (Do not delete automatically)
process-equipment,https://ofsworld.com/process-equipment/,catering,...Engineering & EPC Support Services Hospitality & Catering Services IFM Business Logistics & Shipping Procur...,OFS Client Review Required (Do not delete automatically)
process-equipment,https://ofsworld.com/process-equipment/,catering,...Engineering & EPC Support Services Hospitality & Catering Services IFM Business Logistics & Shipping Procur...,OFS Client Review Required (Do not delete automatically)
process-equipment,https://ofsworld.com/process-equipment/,catering,"...M, Troubleshooting, Procurement, Engineering, and Catering & Hospitality—to the energy, industrial, marine,...",OFS Client Review Required (Do not delete automatically)
process-equipment,https://ofsworld.com/process-equipment/,hospitality,...ce Procurement Engineering & EPC Support Services Hospitality & Catering Services IFM Business Logistics & Ship...,OFS Client Review Required (Do not delete automatically)
process-equipment,https://ofsworld.com/process-equipment/,hospitality,...ce Procurement Engineering & EPC Support Services Hospitality & Catering Services IFM Business Logistics & Ship...,OFS Client Review Required (Do not delete automatically)
process-equipment,https://ofsworld.com/process-equipment/,hospitality,"...hooting, Procurement, Engineering, and Catering & Hospitality—to the energy, industrial, marine, offshore, and...",OFS Client Review Required (Do not delete automatically)
process-equipment,https://ofsworld.com/process-equipment/,ifm,...Support Services Hospitality & Catering Services IFM Business Logistics & Shipping Procurement & Shipp...,OFS Client Review Required (Do not delete automatically)
process-equipment,https://ofsworld.com/process-equipment/,ifm,...Support Services Hospitality & Catering Services IFM Business Logistics & Shipping Procurement & Shipp...,OFS Client Review Required (Do not delete automatically)
process-equipment,https://ofsworld.com/process-equipment/,pharmaceutical,"...ction. Built for heavy-duty use, they meet strict pharmaceutical and manufacturing standards with robust, high-per...",OFS Client Review Required (Do not delete automatically)
process-equipment,https://ofsworld.com/process-equipment/,pharmaceutical,"...specialized reactors and processing equipment for pharmaceutical, chemical, and petrochemical applications. Our sy...",OFS Client Review Required (Do not delete automatically)
process-equipment,https://ofsworld.com/process-equipment/,chemical,"...processes across oil & gas, power generation, and chemical plants. Our solutions recover waste heat to boost...",OFS Client Review Required (Do not delete automatically)
process-equipment,https://ofsworld.com/process-equipment/,chemical,"...n oil & gas, petrochemical, power generation, and chemical production facilities. Engineered for zero-loss m...",OFS Client Review Required (Do not delete automatically)
process-equipment,https://ofsworld.com/process-equipment/,chemical,"...tors and processing equipment for pharmaceutical, chemical, and petrochemical applications. Our systems enab...",OFS Client Review Required (Do not delete automatically)
electrical-power-equipments,https://ofsworld.com/electrical-power-equipments/,catering,...Engineering & EPC Support Services Hospitality & Catering Services IFM Business Logistics & Shipping Procur...,OFS Client Review Required (Do not delete automatically)
electrical-power-equipments,https://ofsworld.com/electrical-power-equipments/,catering,...Engineering & EPC Support Services Hospitality & Catering Services IFM Business Logistics & Shipping Procur...,OFS Client Review Required (Do not delete automatically)
electrical-power-equipments,https://ofsworld.com/electrical-power-equipments/,catering,"...M, Troubleshooting, Procurement, Engineering, and Catering & Hospitality—to the energy, industrial, marine,...",OFS Client Review Required (Do not delete automatically)
electrical-power-equipments,https://ofsworld.com/electrical-power-equipments/,hospitality,...ce Procurement Engineering & EPC Support Services Hospitality & Catering Services IFM Business Logistics & Ship...,OFS Client Review Required (Do not delete automatically)
electrical-power-equipments,https://ofsworld.com/electrical-power-equipments/,hospitality,...ce Procurement Engineering & EPC Support Services Hospitality & Catering Services IFM Business Logistics & Ship...,OFS Client Review Required (Do not delete automatically)
electrical-power-equipments,https://ofsworld.com/electrical-power-equipments/,hospitality,"...hooting, Procurement, Engineering, and Catering & Hospitality—to the energy, industrial, marine, offshore, and...",OFS Client Review Required (Do not delete automatically)
electrical-power-equipments,https://ofsworld.com/electrical-power-equipments/,ifm,...Support Services Hospitality & Catering Services IFM Business Logistics & Shipping Procurement & Shipp...,OFS Client Review Required (Do not delete automatically)
electrical-power-equipments,https://ofsworld.com/electrical-power-equipments/,ifm,...Support Services Hospitality & Catering Services IFM Business Logistics & Shipping Procurement & Shipp...,OFS Client Review Required (Do not delete automatically)
electrical-power-equipments,https://ofsworld.com/electrical-power-equipments/,chemical,"...tion for conductors against impact, moisture, and chemical exposure, while supporting various wire types and...",OFS Client Review Required (Do not delete automatically)
heavy-machinery-equipments,https://ofsworld.com/heavy-machinery-equipments/,catering,...Engineering & EPC Support Services Hospitality & Catering Services IFM Business Logistics & Shipping Procur...,OFS Client Review Required (Do not delete automatically)
heavy-machinery-equipments,https://ofsworld.com/heavy-machinery-equipments/,catering,...Engineering & EPC Support Services Hospitality & Catering Services IFM Business Logistics & Shipping Procur...,OFS Client Review Required (Do not delete automatically)
heavy-machinery-equipments,https://ofsworld.com/heavy-machinery-equipments/,catering,"...M, Troubleshooting, Procurement, Engineering, and Catering & Hospitality—to the energy, industrial, marine,...",OFS Client Review Required (Do not delete automatically)
heavy-machinery-equipments,https://ofsworld.com/heavy-machinery-equipments/,hospitality,...ce Procurement Engineering & EPC Support Services Hospitality & Catering Services IFM Business Logistics & Ship...,OFS Client Review Required (Do not delete automatically)
heavy-machinery-equipments,https://ofsworld.com/heavy-machinery-equipments/,hospitality,...ce Procurement Engineering & EPC Support Services Hospitality & Catering Services IFM Business Logistics & Ship...,OFS Client Review Required (Do not delete automatically)
heavy-machinery-equipments,https://ofsworld.com/heavy-machinery-equipments/,hospitality,"...hooting, Procurement, Engineering, and Catering & Hospitality—to the energy, industrial, marine, offshore, and...",OFS Client Review Required (Do not delete automatically)
heavy-machinery-equipments,https://ofsworld.com/heavy-machinery-equipments/,ifm,...Support Services Hospitality & Catering Services IFM Business Logistics & Shipping Procurement & Shipp...,OFS Client Review Required (Do not delete automatically)
heavy-machinery-equipments,https://ofsworld.com/heavy-machinery-equipments/,ifm,...Support Services Hospitality & Catering Services IFM Business Logistics & Shipping Procurement & Shipp...,OFS Client Review Required (Do not delete automatically)
instrumentation,https://ofsworld.com/instrumentation/,catering,...Engineering & EPC Support Services Hospitality & Catering Services IFM Business Logistics & Shipping Procur...,OFS Client Review Required (Do not delete automatically)
instrumentation,https://ofsworld.com/instrumentation/,catering,...Engineering & EPC Support Services Hospitality & Catering Services IFM Business Logistics & Shipping Procur...,OFS Client Review Required (Do not delete automatically)
instrumentation,https://ofsworld.com/instrumentation/,catering,"...M, Troubleshooting, Procurement, Engineering, and Catering & Hospitality—to the energy, industrial, marine,...",OFS Client Review Required (Do not delete automatically)
instrumentation,https://ofsworld.com/instrumentation/,hospitality,...ce Procurement Engineering & EPC Support Services Hospitality & Catering Services IFM Business Logistics & Ship...,OFS Client Review Required (Do not delete automatically)
instrumentation,https://ofsworld.com/instrumentation/,hospitality,...ce Procurement Engineering & EPC Support Services Hospitality & Catering Services IFM Business Logistics & Ship...,OFS Client Review Required (Do not delete automatically)
instrumentation,https://ofsworld.com/instrumentation/,hospitality,"...hooting, Procurement, Engineering, and Catering & Hospitality—to the energy, industrial, marine, offshore, and...",OFS Client Review Required (Do not delete automatically)
instrumentation,https://ofsworld.com/instrumentation/,ifm,...Support Services Hospitality & Catering Services IFM Business Logistics & Shipping Procurement & Shipp...,OFS Client Review Required (Do not delete automatically)
instrumentation,https://ofsworld.com/instrumentation/,ifm,...Support Services Hospitality & Catering Services IFM Business Logistics & Shipping Procurement & Shipp...,OFS Client Review Required (Do not delete automatically)
instrumentation,https://ofsworld.com/instrumentation/,chemical,...ting and measuring changes\u2014both physical and chemical\u2014across various industrial processes. These s...,OFS Client Review Required (Do not delete automatically)
instrumentation,https://ofsworld.com/instrumentation/,chemical,...detecting and measuring changes—both physical and chemical—across various industrial processes. These system...,OFS Client Review Required (Do not delete automatically)
instrumentation,https://ofsworld.com/instrumentation/,chemical,"...liability with competitive pricing for oil & gas, chemical, and power applications. OFS specializes in provi...",OFS Client Review Required (Do not delete automatically)
safety-tools-equipments,https://ofsworld.com/safety-tools-equipments/,catering,...Engineering & EPC Support Services Hospitality & Catering Services IFM Business Logistics & Shipping Procur...,OFS Client Review Required (Do not delete automatically)
safety-tools-equipments,https://ofsworld.com/safety-tools-equipments/,catering,...Engineering & EPC Support Services Hospitality & Catering Services IFM Business Logistics & Shipping Procur...,OFS Client Review Required (Do not delete automatically)
safety-tools-equipments,https://ofsworld.com/safety-tools-equipments/,catering,"...M, Troubleshooting, Procurement, Engineering, and Catering & Hospitality—to the energy, industrial, marine,...",OFS Client Review Required (Do not delete automatically)
safety-tools-equipments,https://ofsworld.com/safety-tools-equipments/,hospitality,...ce Procurement Engineering & EPC Support Services Hospitality & Catering Services IFM Business Logistics & Ship...,OFS Client Review Required (Do not delete automatically)
safety-tools-equipments,https://ofsworld.com/safety-tools-equipments/,hospitality,...ce Procurement Engineering & EPC Support Services Hospitality & Catering Services IFM Business Logistics & Ship...,OFS Client Review Required (Do not delete automatically)
safety-tools-equipments,https://ofsworld.com/safety-tools-equipments/,hospitality,"...hooting, Procurement, Engineering, and Catering & Hospitality—to the energy, industrial, marine, offshore, and...",OFS Client Review Required (Do not delete automatically)
safety-tools-equipments,https://ofsworld.com/safety-tools-equipments/,ifm,...Support Services Hospitality & Catering Services IFM Business Logistics & Shipping Procurement & Shipp...,OFS Client Review Required (Do not delete automatically)
safety-tools-equipments,https://ofsworld.com/safety-tools-equipments/,ifm,...Support Services Hospitality & Catering Services IFM Business Logistics & Shipping Procurement & Shipp...,OFS Client Review Required (Do not delete automatically)
procurement-services,https://ofsworld.com/procurement-services/,catering,...Engineering & EPC Support Services Hospitality & Catering Services IFM Business Logistics & Shipping Procur...,OFS Client Review Required (Do not delete automatically)
procurement-services,https://ofsworld.com/procurement-services/,catering,...Engineering & EPC Support Services Hospitality & Catering Services IFM Business Logistics & Shipping Procur...,OFS Client Review Required (Do not delete automatically)
procurement-services,https://ofsworld.com/procurement-services/,catering,"...M, Troubleshooting, Procurement, Engineering, and Catering & Hospitality—to the energy, industrial, marine,...",OFS Client Review Required (Do not delete automatically)
procurement-services,https://ofsworld.com/procurement-services/,hospitality,...ce Procurement Engineering & EPC Support Services Hospitality & Catering Services IFM Business Logistics & Ship...,OFS Client Review Required (Do not delete automatically)
procurement-services,https://ofsworld.com/procurement-services/,hospitality,...ce Procurement Engineering & EPC Support Services Hospitality & Catering Services IFM Business Logistics & Ship...,OFS Client Review Required (Do not delete automatically)
procurement-services,https://ofsworld.com/procurement-services/,hospitality,"...hooting, Procurement, Engineering, and Catering & Hospitality—to the energy, industrial, marine, offshore, and...",OFS Client Review Required (Do not delete automatically)
procurement-services,https://ofsworld.com/procurement-services/,ifm,...Support Services Hospitality & Catering Services IFM Business Logistics & Shipping Procurement & Shipp...,OFS Client Review Required (Do not delete automatically)
procurement-services,https://ofsworld.com/procurement-services/,ifm,...Support Services Hospitality & Catering Services IFM Business Logistics & Shipping Procurement & Shipp...,OFS Client Review Required (Do not delete automatically)
indirect-procurement,https://ofsworld.com/indirect-procurement/,catering,...Engineering & EPC Support Services Hospitality & Catering Services IFM Business Logistics & Shipping Procur...,OFS Client Review Required (Do not delete automatically)
indirect-procurement,https://ofsworld.com/indirect-procurement/,catering,...Engineering & EPC Support Services Hospitality & Catering Services IFM Business Logistics & Shipping Procur...,OFS Client Review Required (Do not delete automatically)
indirect-procurement,https://ofsworld.com/indirect-procurement/,catering,"...M, Troubleshooting, Procurement, Engineering, and Catering & Hospitality—to the energy, industrial, marine,...",OFS Client Review Required (Do not delete automatically)
indirect-procurement,https://ofsworld.com/indirect-procurement/,hospitality,...ce Procurement Engineering & EPC Support Services Hospitality & Catering Services IFM Business Logistics & Ship...,OFS Client Review Required (Do not delete automatically)
indirect-procurement,https://ofsworld.com/indirect-procurement/,hospitality,...ce Procurement Engineering & EPC Support Services Hospitality & Catering Services IFM Business Logistics & Ship...,OFS Client Review Required (Do not delete automatically)
indirect-procurement,https://ofsworld.com/indirect-procurement/,hospitality,"...hooting, Procurement, Engineering, and Catering & Hospitality—to the energy, industrial, marine, offshore, and...",OFS Client Review Required (Do not delete automatically)
indirect-procurement,https://ofsworld.com/indirect-procurement/,ifm,...Support Services Hospitality & Catering Services IFM Business Logistics & Shipping Procurement & Shipp...,OFS Client Review Required (Do not delete automatically)
indirect-procurement,https://ofsworld.com/indirect-procurement/,ifm,...Support Services Hospitality & Catering Services IFM Business Logistics & Shipping Procurement & Shipp...,OFS Client Review Required (Do not delete automatically)
ofsworld.com,https://ofsworld.com/,catering,...Engineering & EPC Support Services Hospitality & Catering Services IFM Business Logistics & Shipping Procur...,OFS Client Review Required (Do not delete automatically)
ofsworld.com,https://ofsworld.com/,catering,...Engineering & EPC Support Services Hospitality & Catering Services IFM Business Logistics & Shipping Procur...,OFS Client Review Required (Do not delete automatically)
ofsworld.com,https://ofsworld.com/,catering,"...rement solutions for high-quality hospitality and catering supplies. We ensure timely, cost-effective sourci...",OFS Client Review Required (Do not delete automatically)
ofsworld.com,https://ofsworld.com/,catering,...technical specifications and industry standards. Catering Solutions .elementor-1018 .elementor-element.elem...,OFS Client Review Required (Do not delete automatically)
ofsworld.com,https://ofsworld.com/,catering,....elementor-element-5ffb704{width:100%;}} Offshore Catering Solutions We offer specialized offshore catering...,OFS Client Review Required (Do not delete automatically)
ofsworld.com,https://ofsworld.com/,catering,"...Catering Solutions We offer specialized offshore catering solutions, providing high-quality meals and servi...",OFS Client Review Required (Do not delete automatically)
ofsworld.com,https://ofsworld.com/,catering,...ciency to support your crew's well-being. Onshore Catering Solutions We provide comprehensive onshore cateri...,OFS Client Review Required (Do not delete automatically)
ofsworld.com,https://ofsworld.com/,catering,"...tering Solutions We provide comprehensive onshore catering solutions, delivering nutritious and delicious me...",OFS Client Review Required (Do not delete automatically)
ofsworld.com,https://ofsworld.com/,catering,"...M, Troubleshooting, Procurement, Engineering, and Catering & Hospitality—to the energy, industrial, marine,...",OFS Client Review Required (Do not delete automatically)
ofsworld.com,https://ofsworld.com/,hospitality,...ce Procurement Engineering & EPC Support Services Hospitality & Catering Services IFM Business Logistics & Ship...,OFS Client Review Required (Do not delete automatically)
ofsworld.com,https://ofsworld.com/,hospitality,...ce Procurement Engineering & EPC Support Services Hospitality & Catering Services IFM Business Logistics & Ship...,OFS Client Review Required (Do not delete automatically)
ofsworld.com,https://ofsworld.com/,hospitality,"...efficient procurement solutions for high-quality hospitality and catering supplies. We ensure timely, cost-eff...",OFS Client Review Required (Do not delete automatically)
ofsworld.com,https://ofsworld.com/,hospitality,"...hooting, Procurement, Engineering, and Catering & Hospitality—to the energy, industrial, marine, offshore, and...",OFS Client Review Required (Do not delete automatically)
ofsworld.com,https://ofsworld.com/,ifm,...Support Services Hospitality & Catering Services IFM Business Logistics & Shipping Procurement & Shipp...,OFS Client Review Required (Do not delete automatically)
ofsworld.com,https://ofsworld.com/,ifm,...Support Services Hospitality & Catering Services IFM Business Logistics & Shipping Procurement & Shipp...,OFS Client Review Required (Do not delete automatically)
ofsworld.com,https://ofsworld.com/,ifm,...demands of our clients across diverse industries. IFM Business .elementor-1027 .elementor-element.eleme...,OFS Client Review Required (Do not delete automatically)
ofsworld.com,https://ofsworld.com/,ifm,...r-element.elementor-element-5ceff99{width:100%;}} IFM Business We offer end-to-end Integrated Facility...,OFS Client Review Required (Do not delete automatically)
ofsworld.com,https://ofsworld.com/,ifm,"...offer end-to-end Integrated Facility Management (IFM) services designed to optimize operations, reduce...",OFS Client Review Required (Do not delete automatically)
spare-parts-availability,https://ofsworld.com/spare-parts-availability/,catering,...Engineering & EPC Support Services Hospitality & Catering Services IFM Business Logistics & Shipping Procur...,OFS Client Review Required (Do not delete automatically)
spare-parts-availability,https://ofsworld.com/spare-parts-availability/,catering,...Engineering & EPC Support Services Hospitality & Catering Services IFM Business Logistics & Shipping Procur...,OFS Client Review Required (Do not delete automatically)
spare-parts-availability,https://ofsworld.com/spare-parts-availability/,catering,"...M, Troubleshooting, Procurement, Engineering, and Catering & Hospitality—to the energy, industrial, marine,...",OFS Client Review Required (Do not delete automatically)
spare-parts-availability,https://ofsworld.com/spare-parts-availability/,hospitality,...ce Procurement Engineering & EPC Support Services Hospitality & Catering Services IFM Business Logistics & Ship...,OFS Client Review Required (Do not delete automatically)
spare-parts-availability,https://ofsworld.com/spare-parts-availability/,hospitality,...ce Procurement Engineering & EPC Support Services Hospitality & Catering Services IFM Business Logistics & Ship...,OFS Client Review Required (Do not delete automatically)
spare-parts-availability,https://ofsworld.com/spare-parts-availability/,hospitality,"...hooting, Procurement, Engineering, and Catering & Hospitality—to the energy, industrial, marine, offshore, and...",OFS Client Review Required (Do not delete automatically)
spare-parts-availability,https://ofsworld.com/spare-parts-availability/,ifm,...Support Services Hospitality & Catering Services IFM Business Logistics & Shipping Procurement & Shipp...,OFS Client Review Required (Do not delete automatically)
spare-parts-availability,https://ofsworld.com/spare-parts-availability/,ifm,...Support Services Hospitality & Catering Services IFM Business Logistics & Shipping Procurement & Shipp...,OFS Client Review Required (Do not delete automatically)
hvac-refrigeration,https://ofsworld.com/hvac-refrigeration/,catering,...Engineering & EPC Support Services Hospitality & Catering Services IFM Business Logistics & Shipping Procur...,OFS Client Review Required (Do not delete automatically)
hvac-refrigeration,https://ofsworld.com/hvac-refrigeration/,catering,...Engineering & EPC Support Services Hospitality & Catering Services IFM Business Logistics & Shipping Procur...,OFS Client Review Required (Do not delete automatically)
hvac-refrigeration,https://ofsworld.com/hvac-refrigeration/,catering,"...M, Troubleshooting, Procurement, Engineering, and Catering & Hospitality—to the energy, industrial, marine,...",OFS Client Review Required (Do not delete automatically)
hvac-refrigeration,https://ofsworld.com/hvac-refrigeration/,hospitality,...ce Procurement Engineering & EPC Support Services Hospitality & Catering Services IFM Business Logistics & Ship...,OFS Client Review Required (Do not delete automatically)
hvac-refrigeration,https://ofsworld.com/hvac-refrigeration/,hospitality,...ce Procurement Engineering & EPC Support Services Hospitality & Catering Services IFM Business Logistics & Ship...,OFS Client Review Required (Do not delete automatically)
hvac-refrigeration,https://ofsworld.com/hvac-refrigeration/,hospitality,"...hooting, Procurement, Engineering, and Catering & Hospitality—to the energy, industrial, marine, offshore, and...",OFS Client Review Required (Do not delete automatically)
hvac-refrigeration,https://ofsworld.com/hvac-refrigeration/,ifm,...Support Services Hospitality & Catering Services IFM Business Logistics & Shipping Procurement & Shipp...,OFS Client Review Required (Do not delete automatically)
hvac-refrigeration,https://ofsworld.com/hvac-refrigeration/,ifm,...Support Services Hospitality & Catering Services IFM Business Logistics & Shipping Procurement & Shipp...,OFS Client Review Required (Do not delete automatically)
hvac-refrigeration,https://ofsworld.com/hvac-refrigeration/,chemical,...al for precise heating and temperature control in chemical and scientific applications. These include device...,OFS Client Review Required (Do not delete automatically)
mro-tools,https://ofsgroupindia.com/mro-tools/,catering,...Engineering & EPC Support Services Hospitality & Catering Services IFM Business Logistics & Shipping Procur...,OFS Client Review Required (Do not delete automatically)
mro-tools,https://ofsgroupindia.com/mro-tools/,catering,...Engineering & EPC Support Services Hospitality & Catering Services IFM Business Logistics & Shipping Procur...,OFS Client Review Required (Do not delete automatically)
mro-tools,https://ofsgroupindia.com/mro-tools/,catering,"...M, Troubleshooting, Procurement, Engineering, and Catering & Hospitality—to the energy, industrial, marine,...",OFS Client Review Required (Do not delete automatically)
mro-tools,https://ofsgroupindia.com/mro-tools/,hospitality,...ce Procurement Engineering & EPC Support Services Hospitality & Catering Services IFM Business Logistics & Ship...,OFS Client Review Required (Do not delete automatically)
mro-tools,https://ofsgroupindia.com/mro-tools/,hospitality,...ce Procurement Engineering & EPC Support Services Hospitality & Catering Services IFM Business Logistics & Ship...,OFS Client Review Required (Do not delete automatically)
mro-tools,https://ofsgroupindia.com/mro-tools/,hospitality,"...hooting, Procurement, Engineering, and Catering & Hospitality—to the energy, industrial, marine, offshore, and...",OFS Client Review Required (Do not delete automatically)
mro-tools,https://ofsgroupindia.com/mro-tools/,ifm,...Support Services Hospitality & Catering Services IFM Business Logistics & Shipping Procurement & Shipp...,OFS Client Review Required (Do not delete automatically)
mro-tools,https://ofsgroupindia.com/mro-tools/,ifm,...Support Services Hospitality & Catering Services IFM Business Logistics & Shipping Procurement & Shipp...,OFS Client Review Required (Do not delete automatically)
plant-maintenance-mro-spare-parts-management,https://ofsgroupindia.com/plant-maintenance-mro-spare-parts-management/,catering,...Engineering & EPC Support Services Hospitality & Catering Services IFM Business Logistics & Shipping Procur...,OFS Client Review Required (Do not delete automatically)
plant-maintenance-mro-spare-parts-management,https://ofsgroupindia.com/plant-maintenance-mro-spare-parts-management/,catering,...Engineering & EPC Support Services Hospitality & Catering Services IFM Business Logistics & Shipping Procur...,OFS Client Review Required (Do not delete automatically)
plant-maintenance-mro-spare-parts-management,https://ofsgroupindia.com/plant-maintenance-mro-spare-parts-management/,catering,"...M, Troubleshooting, Procurement, Engineering, and Catering & Hospitality—to the energy, industrial, marine,...",OFS Client Review Required (Do not delete automatically)
plant-maintenance-mro-spare-parts-management,https://ofsgroupindia.com/plant-maintenance-mro-spare-parts-management/,hospitality,...ce Procurement Engineering & EPC Support Services Hospitality & Catering Services IFM Business Logistics & Ship...,OFS Client Review Required (Do not delete automatically)
plant-maintenance-mro-spare-parts-management,https://ofsgroupindia.com/plant-maintenance-mro-spare-parts-management/,hospitality,...ce Procurement Engineering & EPC Support Services Hospitality & Catering Services IFM Business Logistics & Ship...,OFS Client Review Required (Do not delete automatically)
plant-maintenance-mro-spare-parts-management,https://ofsgroupindia.com/plant-maintenance-mro-spare-parts-management/,hospitality,"...hooting, Procurement, Engineering, and Catering & Hospitality—to the energy, industrial, marine, offshore, and...",OFS Client Review Required (Do not delete automatically)
plant-maintenance-mro-spare-parts-management,https://ofsgroupindia.com/plant-maintenance-mro-spare-parts-management/,ifm,...Support Services Hospitality & Catering Services IFM Business Logistics & Shipping Procurement & Shipp...,OFS Client Review Required (Do not delete automatically)
plant-maintenance-mro-spare-parts-management,https://ofsgroupindia.com/plant-maintenance-mro-spare-parts-management/,ifm,...Support Services Hospitality & Catering Services IFM Business Logistics & Shipping Procurement & Shipp...,OFS Client Review Required (Do not delete automatically)
engineering-epc-support-services,https://ofsworld.com/engineering-epc-support-services/,catering,...Engineering & EPC Support Services Hospitality & Catering Services IFM Business Logistics & Shipping Procur...,OFS Client Review Required (Do not delete automatically)
engineering-epc-support-services,https://ofsworld.com/engineering-epc-support-services/,catering,...Engineering & EPC Support Services Hospitality & Catering Services IFM Business Logistics & Shipping Procur...,OFS Client Review Required (Do not delete automatically)
engineering-epc-support-services,https://ofsworld.com/engineering-epc-support-services/,catering,"...M, Troubleshooting, Procurement, Engineering, and Catering & Hospitality—to the energy, industrial, marine,...",OFS Client Review Required (Do not delete automatically)
engineering-epc-support-services,https://ofsworld.com/engineering-epc-support-services/,hospitality,...ce Procurement Engineering & EPC Support Services Hospitality & Catering Services IFM Business Logistics & Ship...,OFS Client Review Required (Do not delete automatically)
engineering-epc-support-services,https://ofsworld.com/engineering-epc-support-services/,hospitality,...ce Procurement Engineering & EPC Support Services Hospitality & Catering Services IFM Business Logistics & Ship...,OFS Client Review Required (Do not delete automatically)
engineering-epc-support-services,https://ofsworld.com/engineering-epc-support-services/,hospitality,"...hooting, Procurement, Engineering, and Catering & Hospitality—to the energy, industrial, marine, offshore, and...",OFS Client Review Required (Do not delete automatically)
engineering-epc-support-services,https://ofsworld.com/engineering-epc-support-services/,ifm,...Support Services Hospitality & Catering Services IFM Business Logistics & Shipping Procurement & Shipp...,OFS Client Review Required (Do not delete automatically)
engineering-epc-support-services,https://ofsworld.com/engineering-epc-support-services/,ifm,...Support Services Hospitality & Catering Services IFM Business Logistics & Shipping Procurement & Shipp...,OFS Client Review Required (Do not delete automatically)
electrical-electronics,https://ofsworld.com/electrical-electronics/,catering,...Engineering & EPC Support Services Hospitality & Catering Services IFM Business Logistics & Shipping Procur...,OFS Client Review Required (Do not delete automatically)
electrical-electronics,https://ofsworld.com/electrical-electronics/,catering,...Engineering & EPC Support Services Hospitality & Catering Services IFM Business Logistics & Shipping Procur...,OFS Client Review Required (Do not delete automatically)
electrical-electronics,https://ofsworld.com/electrical-electronics/,catering,"...M, Troubleshooting, Procurement, Engineering, and Catering & Hospitality—to the energy, industrial, marine,...",OFS Client Review Required (Do not delete automatically)
electrical-electronics,https://ofsworld.com/electrical-electronics/,hospitality,...ce Procurement Engineering & EPC Support Services Hospitality & Catering Services IFM Business Logistics & Ship...,OFS Client Review Required (Do not delete automatically)
electrical-electronics,https://ofsworld.com/electrical-electronics/,hospitality,...ce Procurement Engineering & EPC Support Services Hospitality & Catering Services IFM Business Logistics & Ship...,OFS Client Review Required (Do not delete automatically)
electrical-electronics,https://ofsworld.com/electrical-electronics/,hospitality,"...hooting, Procurement, Engineering, and Catering & Hospitality—to the energy, industrial, marine, offshore, and...",OFS Client Review Required (Do not delete automatically)
electrical-electronics,https://ofsworld.com/electrical-electronics/,ifm,...Support Services Hospitality & Catering Services IFM Business Logistics & Shipping Procurement & Shipp...,OFS Client Review Required (Do not delete automatically)
electrical-electronics,https://ofsworld.com/electrical-electronics/,ifm,...Support Services Hospitality & Catering Services IFM Business Logistics & Shipping Procurement & Shipp...,OFS Client Review Required (Do not delete automatically)
natural-gas-distribution,https://ofsgroupindia.com/natural-gas-distribution/,catering,...Engineering & EPC Support Services Hospitality & Catering Services IFM Business Logistics & Shipping Procur...,OFS Client Review Required (Do not delete automatically)
natural-gas-distribution,https://ofsgroupindia.com/natural-gas-distribution/,catering,...Engineering & EPC Support Services Hospitality & Catering Services IFM Business Logistics & Shipping Procur...,OFS Client Review Required (Do not delete automatically)
natural-gas-distribution,https://ofsgroupindia.com/natural-gas-distribution/,catering,"...M, Troubleshooting, Procurement, Engineering, and Catering & Hospitality—to the energy, industrial, marine,...",OFS Client Review Required (Do not delete automatically)
natural-gas-distribution,https://ofsgroupindia.com/natural-gas-distribution/,hospitality,...ce Procurement Engineering & EPC Support Services Hospitality & Catering Services IFM Business Logistics & Ship...,OFS Client Review Required (Do not delete automatically)
natural-gas-distribution,https://ofsgroupindia.com/natural-gas-distribution/,hospitality,...ce Procurement Engineering & EPC Support Services Hospitality & Catering Services IFM Business Logistics & Ship...,OFS Client Review Required (Do not delete automatically)
natural-gas-distribution,https://ofsgroupindia.com/natural-gas-distribution/,hospitality,"...hooting, Procurement, Engineering, and Catering & Hospitality—to the energy, industrial, marine, offshore, and...",OFS Client Review Required (Do not delete automatically)
natural-gas-distribution,https://ofsgroupindia.com/natural-gas-distribution/,ifm,...Support Services Hospitality & Catering Services IFM Business Logistics & Shipping Procurement & Shipp...,OFS Client Review Required (Do not delete automatically)
natural-gas-distribution,https://ofsgroupindia.com/natural-gas-distribution/,ifm,...Support Services Hospitality & Catering Services IFM Business Logistics & Shipping Procurement & Shipp...,OFS Client Review Required (Do not delete automatically)
warehouse-2,https://ofsgroupindia.com/warehouse-2/,catering,...Engineering & EPC Support Services Hospitality & Catering Services IFM Business Logistics & Shipping Procur...,OFS Client Review Required (Do not delete automatically)
warehouse-2,https://ofsgroupindia.com/warehouse-2/,catering,...Engineering & EPC Support Services Hospitality & Catering Services IFM Business Logistics & Shipping Procur...,OFS Client Review Required (Do not delete automatically)
warehouse-2,https://ofsgroupindia.com/warehouse-2/,catering,"...M, Troubleshooting, Procurement, Engineering, and Catering & Hospitality—to the energy, industrial, marine,...",OFS Client Review Required (Do not delete automatically)
warehouse-2,https://ofsgroupindia.com/warehouse-2/,hospitality,...ce Procurement Engineering & EPC Support Services Hospitality & Catering Services IFM Business Logistics & Ship...,OFS Client Review Required (Do not delete automatically)
warehouse-2,https://ofsgroupindia.com/warehouse-2/,hospitality,...ce Procurement Engineering & EPC Support Services Hospitality & Catering Services IFM Business Logistics & Ship...,OFS Client Review Required (Do not delete automatically)
warehouse-2,https://ofsgroupindia.com/warehouse-2/,hospitality,"...hooting, Procurement, Engineering, and Catering & Hospitality—to the energy, industrial, marine, offshore, and...",OFS Client Review Required (Do not delete automatically)
warehouse-2,https://ofsgroupindia.com/warehouse-2/,ifm,...Support Services Hospitality & Catering Services IFM Business Logistics & Shipping Procurement & Shipp...,OFS Client Review Required (Do not delete automatically)
warehouse-2,https://ofsgroupindia.com/warehouse-2/,ifm,...Support Services Hospitality & Catering Services IFM Business Logistics & Shipping Procurement & Shipp...,OFS Client Review Required (Do not delete automatically)
supply-chain-management,https://ofsgroupindia.com/supply-chain-management/,catering,...Engineering & EPC Support Services Hospitality & Catering Services IFM Business Logistics & Shipping Procur...,OFS Client Review Required (Do not delete automatically)
supply-chain-management,https://ofsgroupindia.com/supply-chain-management/,catering,...Engineering & EPC Support Services Hospitality & Catering Services IFM Business Logistics & Shipping Procur...,OFS Client Review Required (Do not delete automatically)
supply-chain-management,https://ofsgroupindia.com/supply-chain-management/,catering,"...M, Troubleshooting, Procurement, Engineering, and Catering & Hospitality—to the energy, industrial, marine,...",OFS Client Review Required (Do not delete automatically)
supply-chain-management,https://ofsgroupindia.com/supply-chain-management/,hospitality,...ce Procurement Engineering & EPC Support Services Hospitality & Catering Services IFM Business Logistics & Ship...,OFS Client Review Required (Do not delete automatically)
supply-chain-management,https://ofsgroupindia.com/supply-chain-management/,hospitality,...ce Procurement Engineering & EPC Support Services Hospitality & Catering Services IFM Business Logistics & Ship...,OFS Client Review Required (Do not delete automatically)
supply-chain-management,https://ofsgroupindia.com/supply-chain-management/,hospitality,"...hooting, Procurement, Engineering, and Catering & Hospitality—to the energy, industrial, marine, offshore, and...",OFS Client Review Required (Do not delete automatically)
supply-chain-management,https://ofsgroupindia.com/supply-chain-management/,ifm,...Support Services Hospitality & Catering Services IFM Business Logistics & Shipping Procurement & Shipp...,OFS Client Review Required (Do not delete automatically)
supply-chain-management,https://ofsgroupindia.com/supply-chain-management/,ifm,...Support Services Hospitality & Catering Services IFM Business Logistics & Shipping Procurement & Shipp...,OFS Client Review Required (Do not delete automatically)
biotechnology,https://ofsgroupindia.com/biotechnology/,aviation,...ts © 2026 Biotechnology Renewable Energy Industry Aviation Maintenance Services Petroleum Refining Mining Mi...,OFS Client Review Required (Do not delete automatically)
biotechnology,https://ofsgroupindia.com/biotechnology/,catering,...Engineering & EPC Support Services Hospitality & Catering Services IFM Business Logistics & Shipping Procur...,OFS Client Review Required (Do not delete automatically)
biotechnology,https://ofsgroupindia.com/biotechnology/,catering,...Engineering & EPC Support Services Hospitality & Catering Services IFM Business Logistics & Shipping Procur...,OFS Client Review Required (Do not delete automatically)
biotechnology,https://ofsgroupindia.com/biotechnology/,catering,"...M, Troubleshooting, Procurement, Engineering, and Catering & Hospitality—to the energy, industrial, marine,...",OFS Client Review Required (Do not delete automatically)
biotechnology,https://ofsgroupindia.com/biotechnology/,hospitality,...ce Procurement Engineering & EPC Support Services Hospitality & Catering Services IFM Business Logistics & Ship...,OFS Client Review Required (Do not delete automatically)
biotechnology,https://ofsgroupindia.com/biotechnology/,hospitality,...ce Procurement Engineering & EPC Support Services Hospitality & Catering Services IFM Business Logistics & Ship...,OFS Client Review Required (Do not delete automatically)
biotechnology,https://ofsgroupindia.com/biotechnology/,hospitality,"...hooting, Procurement, Engineering, and Catering & Hospitality—to the energy, industrial, marine, offshore, and...",OFS Client Review Required (Do not delete automatically)
biotechnology,https://ofsgroupindia.com/biotechnology/,ifm,...Support Services Hospitality & Catering Services IFM Business Logistics & Shipping Procurement & Shipp...,OFS Client Review Required (Do not delete automatically)
biotechnology,https://ofsgroupindia.com/biotechnology/,ifm,...Support Services Hospitality & Catering Services IFM Business Logistics & Shipping Procurement & Shipp...,OFS Client Review Required (Do not delete automatically)
quality-control,https://ofsgroupindia.com/quality-control/,catering,...Engineering & EPC Support Services Hospitality & Catering Services IFM Business Logistics & Shipping Procur...,OFS Client Review Required (Do not delete automatically)
quality-control,https://ofsgroupindia.com/quality-control/,catering,...Engineering & EPC Support Services Hospitality & Catering Services IFM Business Logistics & Shipping Procur...,OFS Client Review Required (Do not delete automatically)
quality-control,https://ofsgroupindia.com/quality-control/,catering,"...M, Troubleshooting, Procurement, Engineering, and Catering & Hospitality—to the energy, industrial, marine,...",OFS Client Review Required (Do not delete automatically)
quality-control,https://ofsgroupindia.com/quality-control/,hospitality,...ce Procurement Engineering & EPC Support Services Hospitality & Catering Services IFM Business Logistics & Ship...,OFS Client Review Required (Do not delete automatically)
quality-control,https://ofsgroupindia.com/quality-control/,hospitality,...ce Procurement Engineering & EPC Support Services Hospitality & Catering Services IFM Business Logistics & Ship...,OFS Client Review Required (Do not delete automatically)
quality-control,https://ofsgroupindia.com/quality-control/,hospitality,"...hooting, Procurement, Engineering, and Catering & Hospitality—to the energy, industrial, marine, offshore, and...",OFS Client Review Required (Do not delete automatically)
quality-control,https://ofsgroupindia.com/quality-control/,ifm,...Support Services Hospitality & Catering Services IFM Business Logistics & Shipping Procurement & Shipp...,OFS Client Review Required (Do not delete automatically)
quality-control,https://ofsgroupindia.com/quality-control/,ifm,...Support Services Hospitality & Catering Services IFM Business Logistics & Shipping Procurement & Shipp...,OFS Client Review Required (Do not delete automatically)
global-mro-procurement-excellence,https://ofsgroupindia.com/global-mro-procurement-excellence/,catering,...Engineering & EPC Support Services Hospitality & Catering Services IFM Business Logistics & Shipping Procur...,OFS Client Review Required (Do not delete automatically)
global-mro-procurement-excellence,https://ofsgroupindia.com/global-mro-procurement-excellence/,catering,...Engineering & EPC Support Services Hospitality & Catering Services IFM Business Logistics & Shipping Procur...,OFS Client Review Required (Do not delete automatically)
global-mro-procurement-excellence,https://ofsgroupindia.com/global-mro-procurement-excellence/,catering,"...M, Troubleshooting, Procurement, Engineering, and Catering & Hospitality—to the energy, industrial, marine,...",OFS Client Review Required (Do not delete automatically)
global-mro-procurement-excellence,https://ofsgroupindia.com/global-mro-procurement-excellence/,hospitality,...ce Procurement Engineering & EPC Support Services Hospitality & Catering Services IFM Business Logistics & Ship...,OFS Client Review Required (Do not delete automatically)
global-mro-procurement-excellence,https://ofsgroupindia.com/global-mro-procurement-excellence/,hospitality,...ce Procurement Engineering & EPC Support Services Hospitality & Catering Services IFM Business Logistics & Ship...,OFS Client Review Required (Do not delete automatically)
global-mro-procurement-excellence,https://ofsgroupindia.com/global-mro-procurement-excellence/,hospitality,"...hooting, Procurement, Engineering, and Catering & Hospitality—to the energy, industrial, marine, offshore, and...",OFS Client Review Required (Do not delete automatically)
global-mro-procurement-excellence,https://ofsgroupindia.com/global-mro-procurement-excellence/,ifm,...Support Services Hospitality & Catering Services IFM Business Logistics & Shipping Procurement & Shipp...,OFS Client Review Required (Do not delete automatically)
global-mro-procurement-excellence,https://ofsgroupindia.com/global-mro-procurement-excellence/,ifm,...Support Services Hospitality & Catering Services IFM Business Logistics & Shipping Procurement & Shipp...,OFS Client Review Required (Do not delete automatically)
drilling-equipment,https://ofsgroupindia.com/drilling-equipment/,catering,...Engineering & EPC Support Services Hospitality & Catering Services IFM Business Logistics & Shipping Procur...,OFS Client Review Required (Do not delete automatically)
drilling-equipment,https://ofsgroupindia.com/drilling-equipment/,catering,...Engineering & EPC Support Services Hospitality & Catering Services IFM Business Logistics & Shipping Procur...,OFS Client Review Required (Do not delete automatically)
drilling-equipment,https://ofsgroupindia.com/drilling-equipment/,catering,"...M, Troubleshooting, Procurement, Engineering, and Catering & Hospitality—to the energy, industrial, marine,...",OFS Client Review Required (Do not delete automatically)
drilling-equipment,https://ofsgroupindia.com/drilling-equipment/,hospitality,...ce Procurement Engineering & EPC Support Services Hospitality & Catering Services IFM Business Logistics & Ship...,OFS Client Review Required (Do not delete automatically)
drilling-equipment,https://ofsgroupindia.com/drilling-equipment/,hospitality,...ce Procurement Engineering & EPC Support Services Hospitality & Catering Services IFM Business Logistics & Ship...,OFS Client Review Required (Do not delete automatically)
drilling-equipment,https://ofsgroupindia.com/drilling-equipment/,hospitality,"...hooting, Procurement, Engineering, and Catering & Hospitality—to the energy, industrial, marine, offshore, and...",OFS Client Review Required (Do not delete automatically)
drilling-equipment,https://ofsgroupindia.com/drilling-equipment/,ifm,...Support Services Hospitality & Catering Services IFM Business Logistics & Shipping Procurement & Shipp...,OFS Client Review Required (Do not delete automatically)
drilling-equipment,https://ofsgroupindia.com/drilling-equipment/,ifm,...Support Services Hospitality & Catering Services IFM Business Logistics & Shipping Procurement & Shipp...,OFS Client Review Required (Do not delete automatically)
project-supply,https://ofsgroupindia.com/project-supply/,catering,...Engineering & EPC Support Services Hospitality & Catering Services IFM Business Logistics & Shipping Procur...,OFS Client Review Required (Do not delete automatically)
project-supply,https://ofsgroupindia.com/project-supply/,catering,...Engineering & EPC Support Services Hospitality & Catering Services IFM Business Logistics & Shipping Procur...,OFS Client Review Required (Do not delete automatically)
project-supply,https://ofsgroupindia.com/project-supply/,catering,"...M, Troubleshooting, Procurement, Engineering, and Catering & Hospitality—to the energy, industrial, marine,...",OFS Client Review Required (Do not delete automatically)
project-supply,https://ofsgroupindia.com/project-supply/,hospitality,...ce Procurement Engineering & EPC Support Services Hospitality & Catering Services IFM Business Logistics & Ship...,OFS Client Review Required (Do not delete automatically)
project-supply,https://ofsgroupindia.com/project-supply/,hospitality,...ce Procurement Engineering & EPC Support Services Hospitality & Catering Services IFM Business Logistics & Ship...,OFS Client Review Required (Do not delete automatically)
project-supply,https://ofsgroupindia.com/project-supply/,hospitality,"...hooting, Procurement, Engineering, and Catering & Hospitality—to the energy, industrial, marine, offshore, and...",OFS Client Review Required (Do not delete automatically)
project-supply,https://ofsgroupindia.com/project-supply/,ifm,...Support Services Hospitality & Catering Services IFM Business Logistics & Shipping Procurement & Shipp...,OFS Client Review Required (Do not delete automatically)
project-supply,https://ofsgroupindia.com/project-supply/,ifm,...Support Services Hospitality & Catering Services IFM Business Logistics & Shipping Procurement & Shipp...,OFS Client Review Required (Do not delete automatically)
master-data-management,https://ofsworld.com/master-data-management/,catering,...Engineering & EPC Support Services Hospitality & Catering Services IFM Business Logistics & Shipping Procur...,OFS Client Review Required (Do not delete automatically)
master-data-management,https://ofsworld.com/master-data-management/,catering,...Engineering & EPC Support Services Hospitality & Catering Services IFM Business Logistics & Shipping Procur...,OFS Client Review Required (Do not delete automatically)
master-data-management,https://ofsworld.com/master-data-management/,catering,"...M, Troubleshooting, Procurement, Engineering, and Catering & Hospitality—to the energy, industrial, marine,...",OFS Client Review Required (Do not delete automatically)
master-data-management,https://ofsworld.com/master-data-management/,hospitality,...ce Procurement Engineering & EPC Support Services Hospitality & Catering Services IFM Business Logistics & Ship...,OFS Client Review Required (Do not delete automatically)
master-data-management,https://ofsworld.com/master-data-management/,hospitality,...ce Procurement Engineering & EPC Support Services Hospitality & Catering Services IFM Business Logistics & Ship...,OFS Client Review Required (Do not delete automatically)
master-data-management,https://ofsworld.com/master-data-management/,hospitality,"...hooting, Procurement, Engineering, and Catering & Hospitality—to the energy, industrial, marine, offshore, and...",OFS Client Review Required (Do not delete automatically)
master-data-management,https://ofsworld.com/master-data-management/,ifm,...Support Services Hospitality & Catering Services IFM Business Logistics & Shipping Procurement & Shipp...,OFS Client Review Required (Do not delete automatically)
master-data-management,https://ofsworld.com/master-data-management/,ifm,...Support Services Hospitality & Catering Services IFM Business Logistics & Shipping Procurement & Shipp...,OFS Client Review Required (Do not delete automatically)
general-manufacturing,https://ofsgroupindia.com/general-manufacturing/,catering,...Engineering & EPC Support Services Hospitality & Catering Services IFM Business Logistics & Shipping Procur...,OFS Client Review Required (Do not delete automatically)
general-manufacturing,https://ofsgroupindia.com/general-manufacturing/,catering,...Engineering & EPC Support Services Hospitality & Catering Services IFM Business Logistics & Shipping Procur...,OFS Client Review Required (Do not delete automatically)
general-manufacturing,https://ofsgroupindia.com/general-manufacturing/,catering,"...M, Troubleshooting, Procurement, Engineering, and Catering & Hospitality—to the energy, industrial, marine,...",OFS Client Review Required (Do not delete automatically)
general-manufacturing,https://ofsgroupindia.com/general-manufacturing/,hospitality,...ce Procurement Engineering & EPC Support Services Hospitality & Catering Services IFM Business Logistics & Ship...,OFS Client Review Required (Do not delete automatically)
general-manufacturing,https://ofsgroupindia.com/general-manufacturing/,hospitality,...ce Procurement Engineering & EPC Support Services Hospitality & Catering Services IFM Business Logistics & Ship...,OFS Client Review Required (Do not delete automatically)
general-manufacturing,https://ofsgroupindia.com/general-manufacturing/,hospitality,"...hooting, Procurement, Engineering, and Catering & Hospitality—to the energy, industrial, marine, offshore, and...",OFS Client Review Required (Do not delete automatically)
general-manufacturing,https://ofsgroupindia.com/general-manufacturing/,ifm,...Support Services Hospitality & Catering Services IFM Business Logistics & Shipping Procurement & Shipp...,OFS Client Review Required (Do not delete automatically)
general-manufacturing,https://ofsgroupindia.com/general-manufacturing/,ifm,...Support Services Hospitality & Catering Services IFM Business Logistics & Shipping Procurement & Shipp...,OFS Client Review Required (Do not delete automatically)
